"","Sample1","Sample2","Sample3","Sample4","Sample5","Sample6","Sample7","Sample8","Sample9","Sample10","Sample11"
"AAACCTGAGCCACTAT-1-0",10,10,2,210,13,3,1,0,0,1,0
"AAACCTGTCCTTTCGG-1-0",13,40,4,7,10,0,1,1,0,0,0
"AAACCTGTCTTTACAC-1-0",16,9,1,126,10,0,0,0,0,0,0
"AAACGGGCACCACGTG-1-0",14,5,13,249,19,1,0,0,0,2,0
"AAACGGGCACCTCGTT-1-0",7,68,2,5,7,1,0,1,0,0,0
"AAACGGGGTCGCATCG-1-0",10,3,1,7,522,3,1,0,0,1,1
"AAAGATGCACGCATCG-1-0",13,5,1,179,21,0,0,0,0,0,0
"AAAGATGTCACCCGAG-1-0",10,18,0,6,8,1,1,0,0,0,0
"AAAGATGTCCTCATTA-1-0",18,7,1,67,10,0,0,0,0,0,0
"AAAGCAAAGACGCTTT-1-0",16,7,2,11,512,0,0,0,0,2,0
"AAAGCAAAGATCACGG-1-0",19,7,3,281,21,1,0,0,2,0,0
"AAAGCAATCGTCCGTT-1-0",12,7,3,214,16,1,1,0,1,0,0
"AAAGTAGCACGTAAGG-1-0",8,23,2,6,16,1,1,0,1,2,0
"AAAGTAGGTCGAGTTT-1-0",10,11,1,12,9,1,1,0,1,1,0
"AAATGCCAGACCCACC-1-0",9,5,3,289,15,2,0,1,0,0,0
"AAATGCCAGACGCACA-1-0",19,3,10,293,16,1,0,0,0,0,0
"AAATGCCAGCAGATCG-1-0",13,4,1,3,789,1,0,0,0,0,0
"AAATGCCAGCCTATGT-1-0",19,91,2,2,7,1,0,0,0,1,0
"AAATGCCCACAAGACG-1-0",13,4,1,3,1754,1,1,1,0,2,0
"AAATGCCCAGCTGCTG-1-0",8,30,1,6,15,0,1,0,0,1,0
"AAATGCCTCGTGACAT-1-0",21,5,3,438,11,0,1,1,0,0,0
"AACACGTAGTAACCCT-1-0",11,56,2,7,21,1,1,1,1,1,0
"AACACGTCAATGGAGC-1-0",11,16,1,1,9,0,1,0,0,0,0
"AACACGTTCCAAACTG-1-0",22,56,1,4,13,0,0,0,1,0,0
"AACCATGCAATGGACG-1-0",18,3,2,506,11,4,2,0,0,1,1
"AACCATGTCCGAATGT-1-0",15,7,1,329,14,1,0,1,0,1,0
"AACCATGTCGTTTAGG-1-0",8,2,2,6,176,1,1,0,0,0,1
"AACCATGTCTTGAGAC-1-0",24,41,3,22,27,3,1,1,2,1,0
"AACCGCGGTCTAGGTT-1-0",11,6,2,358,8,1,1,0,0,1,0
"AACCGCGTCGTAGATC-1-0",13,8,4,4,24,1,1,0,0,1,0
"AACGTTGCATATGGTC-1-0",15,6,2,77,8,0,1,0,1,1,0
"AACGTTGGTATCACCA-1-0",14,5,4,272,15,0,0,0,0,1,0
"AACGTTGTCGTTACGA-1-0",9,4,1,481,6,1,0,2,0,1,0
"AACTCAGCAATGAAAC-1-0",8,82,2,5,10,4,1,0,1,0,0
"AACTCAGCAGACACTT-1-0",9,6,1,102,16,0,0,0,2,1,0
"AACTCCCTCGAGCCCA-1-0",25,36,3,16,22,1,1,0,0,2,0
"AACTCCCTCGGATGTT-1-0",10,100,0,6,13,3,1,0,0,0,0
"AACTCCCTCGTACGGC-1-0",14,8,2,189,12,0,0,0,0,1,0
"AACTCTTAGTAGTGCG-1-0",11,3,2,120,10,1,0,0,0,0,0
"AACTCTTAGTTAACGA-1-0",26,51,5,16,24,1,1,2,1,2,0
"AACTCTTCACATGTGT-1-0",11,9,2,3,13,1,1,0,0,0,0
"AACTCTTCAGACGTAG-1-0",8,40,1,8,10,2,1,0,0,0,0
"AACTCTTCATACGCTA-1-0",20,4,2,440,19,1,0,0,0,1,0
"AACTCTTTCATTATCC-1-0",13,5,2,429,17,1,0,1,0,2,0
"AACTGGTTCGGCGCTA-1-0",9,17,2,6,13,2,2,0,1,0,0
"AACTTTCCAGCGTAAG-1-0",23,12,3,211,22,0,0,0,0,2,0
"AAGACCTAGAAGGTTT-1-0",11,13,2,23,28,0,0,1,0,2,0
"AAGACCTAGGGTCGAT-1-0",13,7,1,6,240,0,0,0,0,0,0
"AAGCCGCAGGCGATAC-1-0",12,97,2,6,9,1,0,1,0,0,0
"AAGCCGCAGGGTGTGT-1-0",5,4,0,269,68,2,0,0,0,0,0
"AAGCCGCCACGTCAGC-1-0",16,4,3,93,41,0,0,0,0,0,0
"AAGCCGCCAGTAGAGC-1-0",21,13,3,10,517,4,0,0,0,1,0
"AAGCCGCCATGGTCAT-1-0",13,7,1,301,14,1,1,0,0,1,0
"AAGCCGCGTGCTTCTC-1-0",21,43,1,10,11,0,0,0,0,0,0
"AAGGCAGAGGTAGCTG-1-0",8,5,1,233,14,0,1,0,1,0,0
"AAGGCAGAGTATCTCG-1-0",14,5,1,272,29,2,1,0,0,0,0
"AAGGCAGCATGCCTTC-1-0",12,6,1,5,8,0,1,0,0,2,0
"AAGGCAGTCACGATGT-1-0",10,541,3,13,98,1,1,0,1,1,0
"AAGGCAGTCCGTTGCT-1-0",10,314,3,26,14,1,0,1,0,1,0
"AAGGCAGTCCTACAGA-1-0",20,6,1,358,26,1,0,0,0,1,0
"AAGGTTCAGATCCCGC-1-0",27,6,1,174,12,1,0,1,0,1,0
"AAGGTTCAGCATGGCA-1-0",10,107,0,9,10,0,0,0,0,0,0
"AAGGTTCAGTACGCGA-1-0",13,119,2,9,14,1,0,0,1,1,0
"AAGGTTCCAATTCCTT-1-0",9,307,0,8,13,1,1,0,0,1,0
"AAGTCTGAGGAATTAC-1-0",8,4,0,169,24,1,1,0,1,0,0
"AAGTCTGGTGATAAGT-1-0",6,5,1,64,25,1,1,0,1,1,0
"AAGTCTGGTGCGATAG-1-0",20,7,6,293,9,1,1,0,1,3,0
"AATCCAGCAACTGCTA-1-0",14,10,2,441,22,1,0,0,0,1,0
"AATCCAGCACAGAGGT-1-0",17,430,3,12,10,1,1,0,0,2,0
"AATCCAGGTCAATGTC-1-0",12,4,1,15,486,2,0,1,0,0,0
"AATCCAGGTCCCGACA-1-0",11,33,1,10,20,1,0,0,0,1,0
"AATCCAGTCCGTTGTC-1-0",14,158,2,4,23,2,0,0,2,0,0
"AATCGGTCAATAGCAA-1-0",10,39,2,14,10,0,0,0,0,0,0
"AATCGGTCACGGATAG-1-0",14,118,2,6,13,1,0,1,0,1,0
"AATCGGTGTTAAGGGC-1-0",9,7,1,5,55,33,0,0,0,0,0
"AATCGGTTCAGATAAG-1-0",11,98,1,5,7,1,1,1,0,0,0
"AATCGGTTCCACGTTC-1-0",13,9,3,303,10,0,2,0,0,1,0
"ACACCAAAGTAGTGCG-1-0",20,250,2,31,17,2,0,1,0,1,0
"ACACCAACAAACTGCT-1-0",20,58,3,15,20,4,1,0,0,2,0
"ACACCAACACTGTTAG-1-0",17,394,2,6,13,1,0,0,1,1,0
"ACACCAAGTCCGTGAC-1-0",73,10,2,226,10,1,0,0,0,0,0
"ACACCCTCAATACGCT-1-0",16,3,1,564,13,0,0,0,1,0,0
"ACACCCTGTCTACCTC-1-0",16,8,9,9,18,7,1,0,1,1,0
"ACACCCTTCAGTGCAT-1-0",15,6,1,6,655,2,1,1,0,0,0
"ACACCCTTCTCGGACG-1-0",17,205,1,12,10,1,1,0,0,1,0
"ACACCGGAGTGGGCTA-1-0",13,11,1,220,15,1,1,0,0,1,3
"ACACCGGCAAGTCTAC-1-0",28,11,2,568,27,4,0,1,0,4,0
"ACACCGGGTCTGGTCG-1-0",14,2,3,179,21,0,1,1,0,1,0
"ACACTGAAGCTTATCG-1-0",16,6,1,259,7,0,0,0,1,1,0
"ACACTGAAGGGATACC-1-0",10,5,3,127,11,3,0,0,0,0,0
"ACACTGAAGGTGCACA-1-0",15,7,0,71,14,1,0,0,1,1,0
"ACACTGAAGTGCAAGC-1-0",14,240,1,4,14,1,0,1,0,1,1
"ACACTGAGTAAATACG-1-0",13,7,3,226,9,1,0,1,1,0,0
"ACAGCCGAGGCCGAAT-1-0",12,105,2,94,14,37,0,2,1,2,0
"ACAGCCGCAAACCTAC-1-0",29,15,5,434,21,2,1,1,1,4,0
"ACAGCCGCAAGTCTGT-1-0",13,112,3,7,16,1,0,1,1,1,0
"ACAGCCGGTATGAATG-1-0",12,28,5,3,10,1,0,1,0,2,0
"ACAGCCGGTCCGAAGA-1-0",8,5,3,98,10,0,0,0,1,1,0
"ACAGCCGGTCTGCCAG-1-0",23,3,1,262,32,0,0,0,0,0,0
"ACAGCTAAGCGTCTAT-1-0",13,46,2,22,10,0,8,0,0,0,0
"ACAGCTAAGGCTATCT-1-0",10,5,0,14,19,2,0,1,0,0,0
"ACAGCTACATCAGTCA-1-0",12,3,2,124,14,1,0,1,0,1,0
"ACAGCTATCCTTGGTC-1-0",20,314,1,4,15,2,2,0,0,0,0
"ACAGCTATCGCATGGC-1-0",19,234,3,17,9,1,1,0,0,2,0
"ACAGCTATCTACTTAC-1-0",10,58,1,7,11,0,0,0,2,2,0
"ACATACGAGAATGTGT-1-0",15,2,3,221,18,0,0,0,0,1,0
"ACATACGAGAGTAATC-1-0",14,789,2,13,10,3,0,1,0,1,0
"ACATACGCATACCATG-1-0",10,3,0,238,9,0,0,0,0,2,0
"ACATACGGTGACAAAT-1-0",12,7,3,1220,7,1,0,1,0,1,1
"ACATCAGAGTCCGTAT-1-0",8,84,2,7,11,1,1,0,0,0,0
"ACATCAGCAGCCTTGG-1-0",21,6,1,71,19,0,1,0,1,1,0
"ACATCAGGTCTACCTC-1-0",9,6,1,107,16,2,1,0,1,0,0
"ACATCAGTCCTATTCA-1-0",17,37,2,3,14,2,0,0,0,0,0
"ACATGGTGTCCCGACA-1-0",16,57,2,10,20,0,1,0,0,2,0
"ACATGGTGTTAAAGTG-1-0",11,6,2,84,8,2,0,0,0,0,0
"ACCAGTAAGTCCTCCT-1-0",12,5,2,144,10,9,0,0,0,2,0
"ACCAGTAGTAGCTTGT-1-0",14,4,4,271,9,1,0,0,1,1,0
"ACCAGTATCGGAATCT-1-0",24,4,1,412,15,0,0,0,1,2,0
"ACCCACTCATGGTTGT-1-0",12,1,1,71,19,2,2,0,0,2,0
"ACCGTAAGTCATCCCT-1-0",21,7,1,155,16,3,1,0,0,1,0
"ACCTTTAAGAAGGTGA-1-0",9,6,1,133,11,1,0,0,0,0,0
"ACCTTTACAGGTGGAT-1-0",16,6,2,121,21,1,1,0,0,1,0
"ACCTTTAGTCCTAGCG-1-0",8,3,1,187,32,2,0,0,0,2,0
"ACGAGCCAGCGAAGGG-1-0",168,2,1,4,599,0,0,0,0,11,0
"ACGAGCCCATCCCATC-1-0",12,8,2,5,326,0,0,0,0,1,0
"ACGAGCCCATGGTCTA-1-0",15,106,1,7,6,0,1,0,1,0,0
"ACGAGCCGTAACGCGA-1-0",16,6,1,246,16,1,0,1,0,1,0
"ACGAGGAAGACAGAGA-1-0",11,11,3,30,15,0,0,0,0,0,0
"ACGAGGAGTCGCGTGT-1-0",13,2,2,329,12,0,0,0,0,0,0
"ACGATACAGTGAAGTT-1-0",21,60,2,7,14,1,0,3,0,2,0
"ACGATACCATACAGCT-1-0",13,9,2,8,19,0,1,1,0,1,0
"ACGCAGCAGGATGGTC-1-0",15,246,1,9,19,1,0,1,0,1,0
"ACGCAGCAGTTACGGG-1-0",14,7,3,101,11,1,0,1,1,1,0
"ACGCAGCCAGAAGCAC-1-0",13,47,2,6,10,0,1,1,1,0,1
"ACGCAGCTCATCATTC-1-0",24,12,1,14,582,1,0,1,0,1,0
"ACGCAGCTCCTCTAGC-1-0",17,4,1,6,20,1,0,0,0,2,0
"ACGCCAGGTTCGGGCT-1-0",19,37,1,58,30,1,1,0,0,1,0
"ACGCCAGTCACCCGAG-1-0",10,71,3,7,26,0,0,0,0,1,0
"ACGCCAGTCGGCGCTA-1-0",7,8,3,364,10,0,0,0,0,1,0
"ACGCCGAAGGAATTAC-1-0",11,5,1,364,10,0,1,0,0,0,0
"ACGCCGAAGGCGATAC-1-0",17,20,4,11,12,1,0,1,1,0,0
"ACGCCGAAGTGTACTC-1-0",17,11,6,14,626,2,1,0,1,2,0
"ACGCCGACAGCCTTGG-1-0",7,118,0,4,10,2,0,0,1,1,0
"ACGCCGAGTCCGAACC-1-0",52,3,1,12,107,2,0,0,0,1,0
"ACGCCGATCGTGGGAA-1-0",15,3,1,190,7,1,0,0,2,1,17
"ACGGAGAAGCCGTCGT-1-0",12,5,1,8,13,1,1,0,1,2,0
"ACGGAGAGTGAACCTT-1-0",15,21,2,19,23,2,2,0,1,1,0
"ACGGAGAGTTAGAACA-1-0",9,6,2,92,11,1,0,1,0,2,0
"ACGGAGATCAGGCGAA-1-0",50,30,0,5,8,0,1,1,0,0,0
"ACGGAGATCTGGTGTA-1-0",10,4,2,98,13,1,0,0,0,1,0
"ACGGCCAAGGATGTAT-1-0",22,14,4,156,24,2,1,1,1,2,0
"ACGGGCTCAGACACTT-1-0",11,7,2,434,10,5,1,0,1,1,0
"ACGGGCTCAGCTATTG-1-0",12,5,1,9,8,2,1,6,0,1,0
"ACGGGCTGTAATCACC-1-0",7,5,1,379,13,3,1,0,1,2,0
"ACGGGCTGTCCAGTGC-1-0",18,82,3,7,25,1,1,0,1,1,0
"ACGGGTCAGAGCAATT-1-0",10,5,1,62,9,2,0,0,1,0,0
"ACGGGTCAGTACACCT-1-0",12,77,1,7,10,1,1,0,0,1,0
"ACGGGTCGTGAGGCTA-1-0",10,103,2,8,10,0,0,0,0,1,0
"ACGTCAAGTCGGCTCA-1-0",13,4,4,192,11,1,1,0,1,0,0
"ACTATCTAGCGGCTTC-1-0",10,7,1,99,18,1,0,0,0,1,0
"ACTATCTAGTTACCCA-1-0",20,86,2,26,22,7,2,2,1,4,1
"ACTATCTCATCACCCT-1-0",19,3,2,125,12,1,0,0,0,1,0
"ACTATCTTCAACGCTA-1-0",9,7,2,357,16,2,0,0,0,2,0
"ACTGAACCAGCTATTG-1-0",14,14,2,5,23,0,1,1,0,0,0
"ACTGAACGTTGAGTTC-1-0",12,6,4,282,17,0,0,2,0,2,0
"ACTGAGTAGATACACA-1-0",30,221,3,222,20,2,1,0,0,0,0
"ACTGAGTAGCCCTAAT-1-0",14,3,3,381,17,0,1,0,1,1,0
"ACTGAGTCAATCCAAC-1-0",13,53,4,6,10,2,2,0,0,1,0
"ACTGAGTCACACCGAC-1-0",14,9,2,152,17,4,0,1,1,1,0
"ACTGAGTGTAGTACCT-1-0",13,6,1,199,11,1,1,0,0,3,0
"ACTGAGTGTCTCAACA-1-0",7,33,2,2,18,1,0,0,1,1,0
"ACTGATGAGACCTTTG-1-0",16,2,3,799,11,1,1,0,1,0,0
"ACTGATGCATGGTTGT-1-0",10,19,0,11,25,1,0,1,0,0,0
"ACTGATGGTCTCCATC-1-0",26,162,3,28,19,1,2,0,0,0,0
"ACTGCTCCAATAGCAA-1-0",9,50,2,6,12,2,0,0,0,0,0
"ACTGCTCTCCTGCTTG-1-0",14,4,2,189,16,3,1,0,0,1,0
"ACTGTCCCAATACGCT-1-0",15,326,2,2,15,0,0,0,0,1,0
"ACTGTCCCAGACAAAT-1-0",10,126,0,5,14,1,0,0,0,0,0
"ACTGTCCGTAACGACG-1-0",286,1,3,499,32,2,0,1,0,0,0
"ACTTACTAGGCCCTTG-1-0",18,6,2,364,23,1,1,1,0,1,0
"ACTTACTCAGACAGGT-1-0",15,136,2,12,11,2,0,1,0,1,0
"ACTTACTGTCTCCACT-1-0",20,5,2,17,129,1,0,0,0,1,0
"ACTTACTGTCTGCGGT-1-0",18,4,1,303,10,0,0,0,0,1,0
"ACTTACTTCTTTAGGG-1-0",26,119,3,8,26,2,1,0,0,2,0
"ACTTGTTAGTGGGCTA-1-0",15,8,3,9,780,2,1,0,0,1,0
"ACTTGTTCATCCGGGT-1-0",10,8,2,210,16,2,2,0,0,1,0
"ACTTGTTGTACCGAGA-1-0",10,2,0,139,11,0,0,1,1,0,0
"ACTTGTTGTGATAAGT-1-0",12,3,3,15,9,32,1,1,0,0,0
"ACTTGTTTCATGGTCA-1-0",10,5,1,7,10,49,0,0,0,1,1
"ACTTGTTTCTGCAAGT-1-0",8,16,2,9,15,0,0,0,0,0,0
"ACTTTCAAGACACTAA-1-0",8,2,1,313,10,2,0,1,0,0,1
"ACTTTCAAGATGTGTA-1-0",10,9,0,124,14,1,1,0,0,1,0
"ACTTTCACAATCTACG-1-0",11,3,2,739,11,2,0,0,0,0,1
"ACTTTCACATCGGAAG-1-0",12,263,1,5,12,0,0,0,0,0,0
"AGAATAGAGGCTACGA-1-0",12,92,1,7,10,1,0,0,1,0,0
"AGAATAGCAAATTGCC-1-0",8,202,2,3,6,0,0,0,0,1,0
"AGAATAGCAGCCTGTG-1-0",18,4,3,241,16,0,0,0,0,1,0
"AGAATAGCATGCGCAC-1-0",12,7,2,176,22,1,1,1,1,4,0
"AGAATAGGTCCCTACT-1-0",16,121,1,18,9,0,0,0,0,2,0
"AGACGTTAGGCTAGCA-1-0",28,179,6,16,26,2,1,1,0,3,1
"AGACGTTTCCTCCTAG-1-0",12,31,2,10,10,0,0,0,0,1,0
"AGAGCGAAGAGTAAGG-1-0",11,43,3,6,11,1,1,0,1,0,0
"AGAGCGACAATCACAC-1-0",16,7,4,7,10,1,1,1,1,0,0
"AGAGCGACAGGGTATG-1-0",10,56,1,3,9,0,1,0,0,1,0
"AGAGCGATCCCTTGCA-1-0",10,44,2,11,80,4,0,1,0,3,0
"AGAGCTTAGATCGGGT-1-0",11,40,1,7,20,1,0,0,1,1,0
"AGAGCTTCACTTCTGC-1-0",9,5,1,124,11,5,0,0,0,0,0
"AGAGCTTTCCCTCAGT-1-0",13,3,3,330,7,1,1,0,0,0,0
"AGAGCTTTCTGTCCGT-1-0",22,6,1,260,11,2,1,0,0,0,0
"AGAGTGGCACCCAGTG-1-0",5,2,0,103,5,0,0,0,0,0,0
"AGAGTGGGTCGACTGC-1-0",12,50,2,12,9,1,1,0,0,0,0
"AGAGTGGTCACTTATC-1-0",7,161,2,4,25,1,1,0,0,1,0
"AGATCTGAGGTGTGGT-1-0",15,5,2,307,12,1,0,0,1,1,1
"AGATCTGCAAAGCAAT-1-0",14,9,0,4,12,126,1,0,0,2,0
"AGATCTGCAAGGCTCC-1-0",25,24,6,84,50,1,0,0,0,4,0
"AGATCTGGTCTTCGTC-1-0",10,10,3,138,21,1,1,0,0,0,0
"AGATCTGGTTAGATGA-1-0",14,3,2,10,760,1,0,0,0,1,0
"AGATCTGTCGGAAACG-1-0",23,15,2,229,22,0,1,1,0,3,0
"AGATCTGTCGGTCTAA-1-0",18,190,5,17,186,1,2,0,0,2,1
"AGATCTGTCTATCCTA-1-0",14,22,4,6,8,1,0,0,0,3,0
"AGATTGCAGCGATGAC-1-0",12,75,1,10,14,0,0,0,0,0,0
"AGATTGCAGGTTCCTA-1-0",14,285,3,8,28,1,0,0,0,0,0
"AGATTGCGTCGACTGC-1-0",17,11,2,138,31,1,1,1,1,2,0
"AGCAGCCAGTACGATA-1-0",13,6,3,7,275,1,1,0,0,0,0
"AGCAGCCGTTGTACAC-1-0",16,64,2,7,7,2,1,0,0,0,0
"AGCATACCAGCGTAAG-1-0",10,7,1,151,15,1,0,0,0,1,0
"AGCATACGTTAGGGTG-1-0",20,14,1,164,15,4,0,0,0,1,0
"AGCCTAAAGCTGTCTA-1-0",13,4,1,20,1188,1,0,0,0,0,0
"AGCGGTCAGCAACGGT-1-0",20,303,3,8,10,1,0,0,0,2,0
"AGCGGTCAGGAATGGA-1-0",11,93,2,5,7,1,0,0,1,2,0
"AGCGGTCTCATTATCC-1-0",32,335,4,15,22,2,1,1,0,2,0
"AGCGTATCAGCCAGAA-1-0",15,427,2,4,20,1,1,0,0,2,0
"AGCGTCGGTAGAAAGG-1-0",7,14,1,3,9,0,0,0,0,1,0
"AGCTCCTAGCGTCTAT-1-0",10,4,0,517,7,1,1,0,0,1,0
"AGCTCCTAGGTTCCTA-1-0",13,19,0,5,6,1,1,0,1,2,0
"AGCTCCTCAATGTAAG-1-0",11,5,0,6,9,42,1,0,1,0,0
"AGCTCCTTCCCTTGCA-1-0",0,1,0,0,0,0,0,0,0,0,0
"AGCTCTCAGCCAGTTT-1-0",15,4,2,213,13,0,0,0,0,0,0
"AGCTCTCAGCCATCGC-1-0",15,3,2,7,13,19,0,0,0,1,0
"AGCTCTCCACAGGTTT-1-0",13,46,1,10,14,1,0,0,0,1,0
"AGCTCTCTCAACGCTA-1-0",19,932,1,8,14,1,1,0,1,0,0
"AGCTTGACACGGTAGA-1-0",17,67,1,17,13,1,0,2,0,2,0
"AGGCCACAGCTGGAAC-1-0",11,7,3,63,32,10,0,0,1,0,0
"AGGCCACCAAGGACTG-1-0",8,8,1,2,7,1,0,0,0,1,0
"AGGCCGTAGGCCGAAT-1-0",18,29,2,7,15,2,0,0,0,2,0
"AGGCCGTCACCTGGTG-1-0",14,6,2,232,11,1,0,1,0,0,0
"AGGCCGTGTCCAGTTA-1-0",11,65,2,14,8,2,0,0,5,0,1
"AGGCCGTGTCGTCTTC-1-0",15,31,1,6,14,0,1,1,0,2,0
"AGGCCGTTCACGACTA-1-0",26,4,2,300,16,0,2,0,0,2,1
"AGGGAGTGTCGCGGTT-1-0",6,6,3,53,12,1,0,0,0,1,0
"AGGGAGTGTGTAATGA-1-0",10,8,5,44,20,2,1,0,1,2,0
"AGGGAGTTCTCGCTTG-1-0",16,4,4,511,25,0,0,0,1,1,0
"AGGGAGTTCTTCTGGC-1-0",7,3,2,161,12,1,0,0,0,0,0
"AGGGATGAGCCAGGAT-1-0",14,72,1,6,10,1,0,0,0,1,0
"AGGGATGGTCATGCCG-1-0",9,7,2,292,9,0,0,0,1,0,0
"AGGGTGAAGCGATGAC-1-0",18,434,2,6,9,1,0,5,0,1,0
"AGGGTGAAGCGCTCCA-1-0",12,98,0,6,31,1,0,0,0,0,0
"AGGGTGACACAGGTTT-1-0",21,12,1,15,15,1,0,1,0,0,0
"AGGGTGACACTAAGTC-1-0",11,4,5,4,15,48,0,0,0,1,0
"AGGGTGAGTAACGTTC-1-0",14,6,2,197,19,0,0,1,0,1,0
"AGGTCATAGAATCTCC-1-0",11,67,1,21,16,5,0,1,1,1,1
"AGGTCATGTCAAAGCG-1-0",11,142,4,7,14,1,0,0,1,1,0
"AGGTCATGTGGTACAG-1-0",11,7,3,7,13,8,0,0,0,0,0
"AGGTCATTCCCAGGTG-1-0",8,7,3,187,10,0,0,0,0,1,0
"AGGTCCGCAGTAACGG-1-0",22,61,1,6,13,2,0,0,1,0,0
"AGTAGTCTCGGAGGTA-1-0",11,11,1,492,12,2,0,1,1,2,0
"AGTCTTTAGCGGATCA-1-0",16,2,1,183,17,1,0,0,1,0,0
"AGTCTTTTCACGACTA-1-0",14,38,3,4,15,1,1,0,0,0,0
"AGTCTTTTCAGGCCCA-1-0",12,2,2,490,15,1,0,1,0,0,0
"AGTCTTTTCCGAGCCA-1-0",18,7,1,251,19,0,0,1,0,1,0
"AGTGAGGGTCGACTGC-1-0",10,3,1,108,13,2,0,0,0,1,0
"AGTGAGGTCAACGAAA-1-0",15,241,2,8,6,1,1,0,0,1,0
"AGTGAGGTCTCAAACG-1-0",15,22,1,225,12,2,0,1,0,1,0
"AGTGGGACAAGCCGCT-1-0",14,14,1,565,8,1,0,0,0,2,0
"AGTGGGATCACCGGGT-1-0",26,8,2,90,17,1,2,0,1,0,0
"AGTGTCACATATGAGA-1-0",10,60,1,6,7,2,1,0,1,1,0
"AGTTGGTCAGTTAACC-1-0",12,5,2,145,10,1,7,0,1,1,0
"AGTTGGTCATGACGGA-1-0",13,3,2,5,13,7,0,0,0,1,0
"AGTTGGTGTGACCAAG-1-0",12,7,1,117,11,0,2,1,0,1,0
"AGTTGGTGTGGTCTCG-1-0",21,10,1,6,443,0,1,1,1,1,0
"AGTTGGTTCTGCAGTA-1-0",9,501,4,11,15,0,1,1,0,0,1
"ATAACGCCAAACGCGA-1-0",11,7,5,588,20,2,0,0,1,0,0
"ATAACGCCAGGACCCT-1-0",16,3,2,69,5,1,0,1,2,2,0
"ATAACGCCATTAGCCA-1-0",23,7,3,192,22,0,7,1,0,3,0
"ATAACGCGTCCTCTTG-1-0",11,267,1,8,24,1,1,0,1,1,0
"ATAACGCTCGCAAACT-1-0",31,209,4,13,32,3,0,1,2,1,0
"ATAAGAGAGCCGCCTA-1-0",6,32,1,13,14,1,1,0,0,1,1
"ATAAGAGTCTATCCCG-1-0",8,27,2,7,9,2,2,1,0,1,0
"ATAGACCAGCTGCAAG-1-0",11,181,0,5,8,0,1,1,0,1,0
"ATAGACCAGTGAACGC-1-0",34,23,2,7,15,3,0,1,0,1,0
"ATAGACCCACAGATTC-1-0",20,5,1,205,15,1,0,1,0,0,0
"ATAGACCCACTTAAGC-1-0",11,469,4,11,14,2,1,0,1,1,0
"ATAGACCGTCATACTG-1-0",15,51,3,5,13,1,0,1,0,0,0
"ATCACGAGTCAATACC-1-0",119,7,3,208,27,0,1,0,0,1,0
"ATCACGATCAGCTGGC-1-0",12,14,2,184,39,1,1,0,0,0,0
"ATCATCTAGGCACATG-1-0",10,6,11,244,22,2,0,0,0,2,0
"ATCATCTCAGTCAGAG-1-0",15,19,2,365,32,1,1,1,0,2,0
"ATCATCTGTTTGTGTG-1-0",17,29,2,7,12,1,1,0,1,0,0
"ATCATCTTCACTTATC-1-0",10,36,1,5,14,2,0,0,0,0,0
"ATCATGGAGTGTACGG-1-0",10,3,2,532,39,0,1,1,0,0,0
"ATCATGGCAGACAAAT-1-0",8,118,1,6,7,0,0,0,0,0,0
"ATCATGGCAGTCTTCC-1-0",18,6,3,398,11,1,0,0,1,0,0
"ATCATGGGTAGCTAAA-1-0",13,3,2,1346,26,1,0,0,0,0,0
"ATCATGGTCCCTTGCA-1-0",16,5,2,360,12,1,0,0,0,0,0
"ATCCACCAGGATGGTC-1-0",19,76,2,8,19,2,0,0,1,1,0
"ATCCACCCATACCATG-1-0",14,3,2,96,9,1,0,0,0,1,0
"ATCCACCGTATCAGTC-1-0",11,4,1,222,14,0,1,0,1,1,0
"ATCCACCTCGTCGTTC-1-0",24,15,2,304,17,2,0,2,0,1,0
"ATCCGAAAGAATGTTG-1-0",11,16,2,9,5,1,1,1,0,0,0
"ATCCGAACATCTCGCT-1-0",14,4,2,88,24,1,1,1,0,1,0
"ATCCGAAGTCGACTGC-1-0",19,5,1,347,10,1,2,0,1,1,0
"ATCCGAATCATCGATG-1-0",17,82,2,8,14,1,0,1,1,0,0
"ATCCGAATCGCATGAT-1-0",9,43,2,10,10,2,0,0,0,1,0
"ATCCGAATCTAACTTC-1-0",26,91,5,27,22,5,2,1,0,1,0
"ATCGAGTAGTCGTTTG-1-0",11,13,2,472,11,1,0,1,1,0,0
"ATCGAGTCAGATAATG-1-0",10,3,4,230,27,2,1,1,1,1,0
"ATCGAGTGTAGGACAC-1-0",15,57,1,13,9,1,1,0,1,2,0
"ATCGAGTGTGTAATGA-1-0",12,6,4,107,15,0,1,0,0,2,0
"ATCGAGTTCAGATAAG-1-0",12,107,0,3,11,1,0,0,0,1,0
"ATCGAGTTCGAACGGA-1-0",8,4,2,404,15,0,0,0,1,2,0
"ATCTACTAGCAGCGTA-1-0",18,4,1,6,6,2,1,0,0,0,0
"ATCTACTGTGTTTGTG-1-0",14,7,3,952,14,0,1,0,0,1,0
"ATCTACTTCCAACCAA-1-0",17,4,1,6,11,31,1,1,3,0,0
"ATCTACTTCGGTGTTA-1-0",18,57,1,7,6,1,0,1,0,1,0
"ATCTACTTCGGTTCGG-1-0",13,10,0,10,265,1,0,0,0,1,0
"ATCTGCCGTGTCCTCT-1-0",29,41,3,20,27,3,1,0,1,4,1
"ATCTGCCTCAAGGCTT-1-0",10,54,2,4,17,1,0,1,0,2,0
"ATCTGCCTCAGAAATG-1-0",16,52,2,4,22,1,1,0,1,1,0
"ATGAGGGTCATGTGGT-1-0",5,2,1,149,11,1,0,0,0,1,0
"ATGAGGGTCTGTCTCG-1-0",11,6,2,6,13,117,0,0,1,0,0
"ATGCGATAGATGTCGG-1-0",20,19,1,61,18,1,0,0,0,2,0
"ATGCGATTCAACACTG-1-0",16,7,1,208,11,0,0,0,1,2,0
"ATGCGATTCACAGTAC-1-0",16,5,2,368,15,1,0,0,2,0,0
"ATGCGATTCTCAAACG-1-0",15,5,1,237,19,2,1,0,0,0,0
"ATGGGAGAGGTTCCTA-1-0",157,7,4,343,16,3,1,0,0,2,0
"ATGGGAGCAGGTCGTC-1-0",13,3,3,274,12,0,1,0,0,1,0
"ATGGGAGGTAGTAGTA-1-0",12,9,2,8,12,1,0,0,0,0,0
"ATGGGAGGTCATTAGC-1-0",5,3,2,4,10,24,0,0,0,0,0
"ATGTGTGGTGATAAGT-1-0",14,277,2,3,7,1,0,1,0,1,0
"ATTACTCCAGCTGCTG-1-0",31,77,2,14,98,1,1,0,0,1,0
"ATTACTCGTGTGTGCC-1-0",13,4,2,7,470,1,0,0,0,1,0
"ATTACTCTCCAGAAGG-1-0",9,28,10,6,16,1,1,1,0,0,0
"ATTATCCCAAAGCGGT-1-0",13,7,3,45,107,1,1,3,1,2,0
"ATTATCCCACTGTGTA-1-0",14,5,1,715,14,0,0,1,0,1,0
"ATTATCCGTCTAGGTT-1-0",10,30,4,9,12,3,0,0,0,0,0
"ATTATCCGTTAAGGGC-1-0",15,5,2,100,9,1,0,0,0,0,0
"ATTATCCTCGGCATCG-1-0",12,31,4,4,13,1,1,1,0,1,0
"ATTCTACAGCAAATCA-1-0",16,77,4,13,11,1,1,1,1,1,0
"ATTCTACAGGATGGAA-1-0",68,4,1,7,8,1,0,0,2,1,3
"ATTCTACGTATAGTAG-1-0",5,4,2,301,9,2,0,1,0,1,0
"ATTCTACGTCCAAGTT-1-0",17,8,1,265,19,1,0,1,0,1,0
"ATTCTACGTCCATGAT-1-0",17,155,3,8,14,0,1,0,1,1,0
"ATTCTACGTGAGTATA-1-0",14,7,3,2973,16,1,0,0,1,0,0
"ATTCTACTCGGACAAG-1-0",27,63,5,27,64,2,1,1,0,1,0
"ATTGGACAGTGGGCTA-1-0",7,7,4,144,16,0,1,1,1,1,0
"ATTGGACCACCCTATC-1-0",13,3,3,370,11,0,1,0,0,0,0
"ATTGGACCAGATGGCA-1-0",11,5,2,252,14,2,0,0,0,1,0
"ATTGGACCATCTCGCT-1-0",16,5,2,13,572,1,6,0,0,1,1
"ATTGGACGTACATCCA-1-0",11,5,2,242,12,2,0,1,0,1,0
"ATTGGACGTATCTGCA-1-0",21,8,1,11,18,61,0,0,0,0,0
"ATTGGACGTCTAACGT-1-0",11,44,0,26,15,2,1,0,0,1,0
"ATTGGACTCTGTCAAG-1-0",13,4,1,236,9,3,0,1,0,1,0
"ATTGGTGCAATCCAAC-1-0",11,3,2,320,14,1,7,0,0,1,0
"ATTGGTGCACGGCCAT-1-0",13,131,0,5,8,0,1,0,0,1,0
"ATTGGTGCAGTGGGAT-1-0",11,4,2,8,348,0,0,0,0,0,0
"ATTGGTGGTGCTTCTC-1-0",13,56,2,6,14,1,1,1,0,2,0
"CAACCAAAGATCCCGC-1-0",14,6,0,140,17,1,0,0,1,0,0
"CAACCAATCAGTTCGA-1-0",11,48,3,13,20,0,1,0,1,1,0
"CAACCAATCGCATGGC-1-0",15,3,2,102,10,1,0,0,0,0,0
"CAACCTCAGGCTATCT-1-0",17,24,1,7,16,3,1,0,1,1,0
"CAACCTCCATGAAGTA-1-0",11,5,2,129,10,1,0,1,1,1,0
"CAACCTCTCCAACCAA-1-0",9,4,2,252,8,1,0,1,0,2,0
"CAACCTCTCCGTTGCT-1-0",22,7,0,181,12,2,1,1,0,4,3
"CAACCTCTCTAGAGTC-1-0",13,127,1,7,12,2,0,0,0,1,0
"CAACTAGAGAAACCAT-1-0",12,17,2,6,228,0,1,0,1,2,0
"CAACTAGGTTGGTAAA-1-0",12,7,2,233,9,9,1,1,1,0,0
"CAACTAGTCCCAGGTG-1-0",17,9,1,358,398,1,2,1,1,1,0
"CAACTAGTCGCCTGAG-1-0",12,5,1,207,7,2,0,4,1,2,1
"CAAGAAAAGACTGTAA-1-0",25,18,6,13,20,1,0,0,1,1,0
"CAAGAAAAGTGTTTGC-1-0",11,47,2,7,14,0,2,0,1,0,0
"CAAGAAAGTACCGAGA-1-0",10,6,2,115,7,1,0,0,0,1,1
"CAAGAAAGTAGTGAAT-1-0",12,3,3,177,19,1,0,1,1,2,0
"CAAGAAATCGCATGAT-1-0",10,18,2,9,312,1,0,0,0,2,0
"CAAGAAATCTGCGACG-1-0",16,8,1,501,13,1,0,1,1,1,0
"CAAGATCAGTACCGGA-1-0",186,5,1,319,19,1,0,0,1,1,1
"CAAGGCCAGAGACGAA-1-0",12,7,3,183,12,1,1,1,1,1,5
"CAAGGCCTCATTATCC-1-0",15,19,2,9,13,2,0,0,0,2,0
"CAAGTTGCAGCCTTGG-1-0",12,7,1,4,8,1,0,0,0,2,0
"CAAGTTGCATGCCACG-1-0",10,5,1,185,10,0,0,1,0,1,0
"CAAGTTGTCAGGCCCA-1-0",12,5,0,954,21,1,0,0,0,1,0
"CAAGTTGTCTCCAGGG-1-0",11,43,2,5,9,0,0,0,1,1,0
"CACAAACCAGCTTAAC-1-0",10,5,3,241,14,1,0,0,0,1,0
"CACAAACTCCCAGGTG-1-0",16,383,1,8,12,2,0,0,1,1,0
"CACACAAAGGTCGGAT-1-0",12,8,1,7,20,1,0,1,0,1,0
"CACACAAAGTGAAGTT-1-0",12,91,6,8,19,1,0,1,0,0,0
"CACACAACACCACCAG-1-0",13,6,3,258,21,1,0,0,0,0,0
"CACACAACATACGCCG-1-0",13,14,2,477,11,1,0,2,0,1,1
"CACACAAGTTCGAATC-1-0",18,4,2,245,18,2,0,0,0,0,0
"CACACAATCTCATTCA-1-0",24,26,3,25,21,2,1,0,0,1,0
"CACACCTCACTGCCAG-1-0",15,5,1,131,17,2,0,1,1,1,0
"CACACCTCAGGGTACA-1-0",26,12,5,397,21,3,2,0,3,1,0
"CACACCTGTCATCGGC-1-0",32,11,5,26,21,7,2,2,0,2,0
"CACACCTGTGGGTATG-1-0",15,5,1,45,15,1,0,0,0,0,0
"CACACCTTCCCAACGG-1-0",15,6,0,334,9,3,0,1,0,0,0
"CACACTCAGAAACCTA-1-0",14,6,4,785,27,1,1,0,0,2,0
"CACACTCAGAATCTCC-1-0",12,70,3,49,9,0,0,0,0,1,0
"CACACTCAGGCCCTCA-1-0",9,149,3,9,17,1,0,1,0,1,0
"CACACTCCAGTGAGTG-1-0",13,5,2,263,13,1,0,0,1,1,0
"CACAGGCAGCTGAACG-1-0",5,46,2,4,10,0,1,0,0,1,0
"CACAGGCAGTGCTGCC-1-0",11,487,2,9,17,1,0,0,0,2,0
"CACAGGCCAGCGTTCG-1-0",8,7,0,157,10,1,0,1,0,0,0
"CACAGGCGTGCAGTAG-1-0",10,21,2,6,18,1,0,1,0,0,0
"CACAGGCTCACTCCTG-1-0",11,84,3,8,11,0,0,1,0,1,0
"CACAGGCTCCTCAATT-1-0",16,76,3,32,27,2,1,0,0,1,1
"CACAGGCTCTAACTCT-1-0",18,119,1,7,9,0,1,0,0,0,0
"CACAGTAAGAAACGAG-1-0",9,3,2,171,5,2,0,0,0,2,1
"CACAGTAAGAACAATC-1-0",14,8,1,478,30,2,1,2,0,1,0
"CACAGTAAGCCACGTC-1-0",12,6,2,200,180,1,0,1,1,0,0
"CACAGTACAATGCCAT-1-0",13,5,1,98,16,0,0,0,0,0,0
"CACAGTACAGCCTTGG-1-0",8,7,11,34,25,1,1,0,1,0,0
"CACAGTAGTCAAACTC-1-0",3,1,1,5,3,24,0,0,0,0,0
"CACAGTATCAGTGCAT-1-0",15,6,3,665,21,1,0,0,0,1,0
"CACAGTATCTTGGGTA-1-0",20,2,3,170,20,1,2,0,0,1,0
"CACATAGCACCAACCG-1-0",13,17,3,129,20,1,0,0,0,1,0
"CACATAGGTCTCTTTA-1-0",8,7,2,100,12,2,1,1,0,0,1
"CACATAGGTTTGACAC-1-0",12,126,4,5,12,1,0,0,0,0,0
"CACATAGTCTTAGCCC-1-0",9,12,1,4,11,2,0,0,0,0,0
"CACATTTAGATATGGT-1-0",18,199,4,10,11,0,1,0,0,0,0
"CACATTTCACAGCGTC-1-0",10,5,3,137,20,0,1,1,1,0,0
"CACATTTCACATTTCT-1-0",17,7,1,14,16,1,1,0,1,1,0
"CACATTTCAGCTTAAC-1-0",18,4,1,7,17,40,0,0,0,0,0
"CACATTTCATGTCTCC-1-0",14,7,2,162,8,0,0,1,1,0,0
"CACATTTGTCCGCTGA-1-0",29,13,2,188,24,2,0,1,1,2,0
"CACCACTTCGAACTGT-1-0",15,180,3,17,18,1,1,0,1,2,0
"CACCAGGAGATCCCGC-1-0",12,5,1,155,14,1,0,0,0,1,0
"CACCAGGAGTGAACGC-1-0",10,12,1,10,9,1,0,1,0,1,0
"CACCTTGAGCGGATCA-1-0",7,39,0,4,17,1,0,0,0,1,0
"CACCTTGGTCACTGGC-1-0",15,691,1,8,26,1,1,0,0,1,0
"CACCTTGTCGTTTGCC-1-0",7,9,2,74,20,10,1,0,0,0,0
"CACTCCAGTCCTGCTT-1-0",15,4,2,328,7,1,2,0,0,1,0
"CAGAATCAGGTGCACA-1-0",13,72,1,7,14,2,0,0,0,0,0
"CAGAATCCATCACAAC-1-0",13,7,3,477,28,1,0,0,0,0,0
"CAGAATCTCTCGCATC-1-0",20,6,1,235,12,1,0,0,0,2,0
"CAGAATCTCTGCGACG-1-0",11,40,2,6,10,2,1,0,1,1,0
"CAGAGAGCAATGTAAG-1-0",12,34,1,6,9,0,1,0,1,2,0
"CAGAGAGCATGGTAGG-1-0",10,5,2,83,13,1,1,0,0,0,0
"CAGAGAGGTCATCCCT-1-0",15,6,4,235,17,1,0,1,0,2,0
"CAGATCAAGCAGCGTA-1-0",19,8,0,217,16,0,1,0,0,0,0
"CAGATCAAGGTAGCCA-1-0",12,8,2,145,17,2,1,0,0,0,0
"CAGATCAGTTAGATGA-1-0",17,134,1,6,11,1,1,0,0,0,0
"CAGCAGCCACCGTTGG-1-0",9,5,1,484,19,5,1,0,1,0,0
"CAGCAGCTCTTCGGTC-1-0",25,83,5,15,16,1,0,2,0,0,0
"CAGCATATCGGAGGTA-1-0",15,3,1,60,21,1,0,1,0,0,0
"CAGCCGACAATCCGAT-1-0",11,6,4,101,15,1,1,0,0,1,0
"CAGCCGACATCTATGG-1-0",14,3,2,83,9,2,1,1,1,1,0
"CAGCCGAGTTATTCTC-1-0",14,24,1,10,35,2,1,0,0,2,0
"CAGCGACTCGGCTACG-1-0",15,239,1,5,20,0,0,2,0,1,0
"CAGCTAAAGACTGGGT-1-0",20,175,2,7,22,1,1,2,1,1,0
"CAGCTAAAGATCCCAT-1-0",36,111,5,13,16,3,0,0,0,2,0
"CAGCTAACAAGTTAAG-1-0",14,10,1,129,8,0,1,0,0,0,0
"CAGCTAACAATTGCTG-1-0",12,21,2,289,10,0,1,0,0,2,0
"CAGCTAAGTTAAGGGC-1-0",15,5,0,554,113,1,0,0,0,1,0
"CAGCTAATCATTGCGA-1-0",9,95,2,6,11,0,0,1,0,0,0
"CAGCTAATCCGATATG-1-0",9,7,2,309,11,1,1,0,0,2,0
"CAGCTAATCGTAGATC-1-0",12,5,2,154,15,1,1,0,0,0,1
"CAGCTGGCATATACGC-1-0",8,10,2,116,9,2,0,0,0,2,0
"CAGCTGGCATTCACTT-1-0",23,7,2,108,7,3,0,0,0,1,0
"CAGCTGGGTCCATCCT-1-0",19,5,3,234,24,1,2,0,0,0,0
"CAGGTGCAGCGTAGTG-1-0",11,156,1,6,10,1,1,1,0,2,0
"CAGGTGCCAGACAGGT-1-0",16,4,1,12,72,1,0,0,0,0,1
"CAGGTGCTCAAACCAC-1-0",18,7,2,96,19,1,0,0,1,1,0
"CAGTAACCATTGCGGC-1-0",11,267,2,4,13,3,11,0,0,2,0
"CAGTAACGTCTCATCC-1-0",29,36,3,23,20,3,2,1,1,2,0
"CAGTAACTCAACCAAC-1-0",11,503,2,5,16,0,0,0,0,1,0
"CAGTCCTAGACTTGAA-1-0",13,8,4,371,13,1,1,0,1,1,0
"CAGTCCTCACAGGAGT-1-0",20,9,2,890,13,0,1,0,0,1,0
"CAGTCCTTCATGCTCC-1-0",19,5,1,161,9,1,1,0,0,1,0
"CAGTCCTTCGTTACAG-1-0",19,68,2,8,8,2,0,0,0,0,0
"CATATGGGTCTAGAGG-1-0",10,10,2,38,10,1,3,1,0,0,0
"CATATTCCAAGAGTCG-1-0",34,14,13,193,31,2,4,0,1,4,3
"CATATTCGTCGCGGTT-1-0",13,50,1,1,8,1,0,0,0,1,0
"CATATTCGTCTTGATG-1-0",8,7,1,11,10,69,1,1,0,1,0
"CATCAAGCAATAGCGG-1-0",19,5,2,140,9,2,0,1,0,0,0
"CATCAAGGTCGCTTTC-1-0",14,7,4,4,12,1,0,0,0,2,0
"CATCAAGGTCTCTTTA-1-0",22,6,2,609,8,0,0,1,1,2,0
"CATCAGAAGGATCGCA-1-0",12,5,4,808,7,0,0,0,0,2,0
"CATCAGAGTAGCGCAA-1-0",19,71,3,6,24,2,0,0,0,2,1
"CATCAGAGTCAGTGGA-1-0",14,8,1,7,22,132,0,0,0,1,0
"CATCAGAGTCCAACTA-1-0",29,7,1,308,20,3,1,1,0,1,0
"CATCCACAGACAGGCT-1-0",13,5,2,309,6,0,0,0,0,1,0
"CATCCACAGCGAAGGG-1-0",12,218,1,6,14,7,0,0,0,1,0
"CATCCACAGGACGAAA-1-0",15,6,3,483,8,1,0,0,0,1,0
"CATCCACCATCGATGT-1-0",7,25,0,6,7,0,0,0,0,0,0
"CATCCACGTATAGGTA-1-0",13,4,1,262,30,1,1,0,1,2,0
"CATCCACTCACCTTAT-1-0",15,5,1,18,21,42,1,0,0,1,0
"CATCCACTCGCATGGC-1-0",14,26,1,17,8,0,0,0,0,2,0
"CATCGAAAGATGTTAG-1-0",16,312,4,8,12,1,1,1,0,1,0
"CATCGAAAGTGGTCCC-1-0",16,5,2,211,9,2,0,0,0,0,0
"CATCGAACAAAGTGCG-1-0",12,243,3,11,18,0,0,1,0,1,0
"CATCGAATCCGTTGTC-1-0",18,23,1,386,38,0,0,1,0,0,0
"CATCGAATCTCCAGGG-1-0",18,34,0,1,12,2,0,0,0,1,0
"CATCGGGGTGCACGAA-1-0",12,3,2,159,18,1,0,0,1,1,0
"CATCGGGTCACAGGCC-1-0",15,5,5,3,717,1,1,1,1,0,0
"CATCGGGTCCAAACTG-1-0",13,2,0,403,15,2,0,0,0,0,0
"CATCGGGTCTGGAGCC-1-0",12,8,0,350,12,1,0,0,0,2,0
"CATCGGGTCTTAGCCC-1-0",8,73,3,8,7,1,0,0,0,0,1
"CATGACAAGACTGTAA-1-0",10,50,1,8,16,0,0,0,1,1,0
"CATGACAAGGATGTAT-1-0",15,14,2,302,16,1,0,1,1,1,0
"CATGACAGTAACGTTC-1-0",12,7,2,507,10,1,0,1,1,1,0
"CATGACAGTCGCTTCT-1-0",9,6,1,393,10,2,3,1,1,0,0
"CATGACAGTCTTCGTC-1-0",15,4,2,149,16,0,1,0,1,1,0
"CATGCCTAGAATAGGG-1-0",11,5,2,94,10,2,1,0,1,1,0
"CATGCCTAGGCATGGT-1-0",22,9,2,212,21,2,0,1,2,2,1
"CATGCCTAGTTGAGTA-1-0",8,3,1,328,17,1,0,0,0,0,0
"CATGCCTGTCTGATTG-1-0",9,8,2,530,8,2,1,0,0,1,0
"CATGGCGCATGACGGA-1-0",24,586,2,49,13,3,0,1,0,1,0
"CATTATCAGTCACGCC-1-0",16,10,2,369,12,0,1,0,0,2,0
"CATTATCGTGTCTGAT-1-0",9,9,1,6,6,1,0,0,0,0,0
"CATTATCTCAGGTAAA-1-0",5,22,1,53,9,0,0,0,0,2,0
"CATTCGCAGATATGCA-1-0",12,108,1,8,8,1,0,0,0,2,0
"CATTCGCAGGCTACGA-1-0",12,5,4,720,10,3,1,0,0,1,0
"CATTCGCCAAGACGTG-1-0",15,4,2,31,18,1,0,0,2,0,0
"CCAATCCCAAAGGCGT-1-0",12,6,2,192,18,1,0,0,0,2,0
"CCAATCCCAGATTGCT-1-0",10,7,4,132,7,0,0,1,0,0,1
"CCAATCCCAGCATACT-1-0",21,69,1,10,11,1,1,0,0,1,0
"CCAATCCGTTCCACGG-1-0",13,8,2,30,8,8,2,1,0,1,0
"CCAATCCTCACCCGAG-1-0",28,83,3,12,16,2,1,0,0,3,0
"CCAATCCTCTTAGAGC-1-0",16,19,4,11,22,2,1,0,1,0,0
"CCACCTACAGTGGAGT-1-0",135,3,1,512,13,1,0,1,1,3,0
"CCACCTAGTACCGTTA-1-0",15,10,1,72,16,0,0,0,0,0,0
"CCACCTAGTGCAGACA-1-0",15,261,2,8,14,1,0,2,1,2,0
"CCACGGAAGACTGGGT-1-0",9,20,3,117,23,0,1,0,0,1,0
"CCACGGAAGGACAGCT-1-0",9,38,2,10,15,4,0,0,1,1,0
"CCACGGACATCGGAAG-1-0",16,4,1,329,17,2,0,0,0,0,0
"CCACGGACATGACATC-1-0",8,163,1,6,69,0,0,0,0,1,0
"CCACTACAGTGACTCT-1-0",16,250,3,5,15,1,0,0,2,1,0
"CCACTACGTGGACGAT-1-0",10,81,2,11,12,0,0,0,0,0,0
"CCACTACTCCTGCAGG-1-0",9,4,4,178,18,0,1,0,0,1,0
"CCAGCGAAGTCGTTTG-1-0",13,3,3,4,11,78,2,0,2,2,0
"CCAGCGACAATAGCAA-1-0",17,5,3,95,10,1,0,1,0,1,0
"CCAGCGACATTCTCAT-1-0",10,10,2,407,5,1,1,1,0,2,0
"CCAGCGAGTGTGACCC-1-0",9,7,2,290,16,0,1,0,0,1,0
"CCAGCGATCACAGTAC-1-0",9,3,1,11,14,115,0,1,0,0,1
"CCATGTCAGGCGACAT-1-0",11,4,0,105,11,1,0,2,0,1,0
"CCATGTCAGTAATCCC-1-0",14,4,1,11,25,19,0,0,0,1,0
"CCATGTCAGTCAATAG-1-0",170,4,2,8,12,9,1,0,0,0,0
"CCATGTCCATTGAGCT-1-0",16,7,2,1147,14,1,0,0,0,2,0
"CCATGTCTCAGTTAGC-1-0",5,38,2,5,10,1,1,1,0,1,0
"CCATTCGGTGAGGCTA-1-0",16,3,3,71,6,1,1,0,0,2,16
"CCATTCGTCACATAGC-1-0",9,6,2,274,12,1,4,0,0,1,0
"CCATTCGTCACCCTCA-1-0",19,17,3,506,19,0,1,1,0,2,0
"CCATTCGTCAGTCAGT-1-0",12,122,6,8,28,1,0,1,0,2,0
"CCCAATCAGTAGCCGA-1-0",12,5,1,156,10,2,0,0,0,0,0
"CCCAATCTCCTGTACC-1-0",19,10,2,298,23,1,1,1,1,1,0
"CCCAATCTCTGCAGTA-1-0",12,85,1,8,10,0,2,0,0,2,0
"CCCAGTTAGGGTGTGT-1-0",16,17,2,7,15,1,0,0,0,1,0
"CCCAGTTCAGCTCGCA-1-0",16,73,3,33,12,4,0,0,0,1,0
"CCCAGTTGTATTACCG-1-0",14,3,1,304,16,1,1,1,1,1,0
"CCCAGTTTCTGGCGTG-1-0",15,3,2,118,15,2,0,0,0,2,0
"CCCATACTCCATGCTC-1-0",13,45,2,10,16,0,0,0,0,1,0
"CCCATACTCGTACCGG-1-0",23,16,4,271,30,0,2,0,1,2,0
"CCCTCCTTCCCTTGCA-1-0",14,322,5,8,12,3,1,0,0,1,0
"CCGGGATAGTGTTAGA-1-0",16,4,3,7,920,1,1,1,1,1,0
"CCGGGATCAGGGCATA-1-0",13,40,3,5,25,1,0,0,0,0,0
"CCGGGATGTGCATCTA-1-0",12,86,1,7,12,1,0,0,0,1,0
"CCGGGATTCATGGTCA-1-0",11,98,1,9,8,1,0,0,0,0,0
"CCGGTAGCACTAGTAC-1-0",11,39,1,7,11,2,1,1,0,0,0
"CCGGTAGCAGCCTGTG-1-0",16,10,1,96,30,2,2,0,0,1,0
"CCGGTAGTCAGGTTCA-1-0",15,17,2,5,8,0,0,1,0,1,1
"CCGTACTAGTACGATA-1-0",13,62,1,7,34,2,1,1,1,1,1
"CCGTACTAGTCCGGTC-1-0",12,4,3,199,26,1,0,1,0,2,0
"CCGTACTGTAAGAGAG-1-0",8,54,2,10,22,0,1,0,0,0,0
"CCGTACTGTCACTGGC-1-0",23,12,5,654,23,4,0,1,0,3,0
"CCGTACTGTCGCGTGT-1-0",19,13,3,85,12,0,0,1,1,0,0
"CCGTACTTCCTACAGA-1-0",9,2,2,247,13,0,1,1,0,2,1
"CCGTTCAAGAACTCGG-1-0",18,7,1,131,11,1,2,0,1,2,0
"CCGTTCAAGATGCCTT-1-0",9,6,2,675,13,0,0,1,1,4,0
"CCGTTCAAGCGTGAGT-1-0",12,256,2,6,6,0,0,1,1,2,0
"CCGTTCAAGTGTGAAT-1-0",12,40,1,14,12,0,1,0,0,1,0
"CCGTTCACATATACCG-1-0",19,3,2,87,14,2,0,1,1,1,0
"CCGTTCATCACTTCAT-1-0",27,8,2,119,45,2,2,1,0,3,0
"CCTAAAGAGCCGTCGT-1-0",8,282,1,10,11,1,0,0,2,0,0
"CCTAAAGAGCGCCTCA-1-0",11,6,2,83,10,1,2,0,0,0,0
"CCTAAAGGTCTCATCC-1-0",13,3,1,2078,10,1,1,1,0,1,1
"CCTACACAGAATCTCC-1-0",21,23,4,206,49,2,0,1,0,1,0
"CCTACACAGAGGTACC-1-0",15,77,2,72,22,2,1,0,1,3,0
"CCTACACAGAGTCGGT-1-0",12,4,1,11,343,1,0,0,0,0,0
"CCTACACAGCTACCTA-1-0",11,6,8,141,12,1,0,1,0,0,0
"CCTACACGTTGTTTGG-1-0",16,4,1,182,12,1,0,1,1,1,0
"CCTACACTCGATAGAA-1-0",9,3,3,206,22,2,0,1,0,0,0
"CCTACACTCTCTAAGG-1-0",14,7,3,505,9,2,0,0,0,0,0
"CCTACCACATCTACGA-1-0",9,7,3,286,6,1,0,1,0,0,0
"CCTACCAGTAGCGCAA-1-0",11,4,1,275,11,0,1,0,1,1,0
"CCTACCATCCAATGGT-1-0",10,2,1,424,16,0,0,0,0,0,0
"CCTAGCTAGGCATGGT-1-0",74,6,3,54,29,2,0,0,1,3,0
"CCTAGCTCAAGGTTTC-1-0",13,3,1,182,28,0,0,0,0,0,0
"CCTAGCTGTACAGCAG-1-0",65,7,3,3,12,102,0,0,1,1,1
"CCTAGCTGTCACTTCC-1-0",10,11,1,125,9,0,0,0,0,0,0
"CCTATTAAGCCAGGAT-1-0",5,247,2,6,10,1,0,1,0,1,0
"CCTATTACACCACCAG-1-0",18,617,3,12,15,1,0,0,3,2,0
"CCTATTAGTCGAATCT-1-0",19,10,1,109,10,1,0,0,0,0,0
"CCTATTAGTTACGACT-1-0",14,54,2,3,12,0,1,0,0,1,0
"CCTATTATCGTTACGA-1-0",10,19,2,4,12,1,0,0,0,0,1
"CCTCAGTAGACTCGGA-1-0",10,5,3,186,14,1,1,0,1,0,0
"CCTCAGTAGTGGGTTG-1-0",12,9,1,5,7,1,1,0,1,0,1
"CCTCAGTCAGACTCGC-1-0",9,186,1,6,7,0,0,0,1,0,0
"CCTCAGTCAGCCTTTC-1-0",10,8,2,288,12,1,0,1,0,1,0
"CCTCAGTGTCCAGTGC-1-0",13,18,1,3,14,1,0,1,0,2,1
"CCTCAGTTCGCAAGCC-1-0",12,207,1,22,14,0,0,0,0,0,0
"CCTCTGAAGAAGAAGC-1-0",17,3,1,1064,29,0,1,0,0,1,0
"CCTCTGACAAAGGAAG-1-0",12,5,1,5,14,25,0,0,0,1,0
"CCTCTGACAAGGTTTC-1-0",16,504,2,6,12,0,1,0,0,0,0
"CCTTACGAGGCTAGCA-1-0",13,21,4,352,16,2,1,0,0,0,0
"CCTTACGAGTTTCCTT-1-0",10,5,4,317,10,0,0,1,0,0,0
"CCTTCCCAGACAAGCC-1-0",19,107,2,14,20,2,1,0,0,0,0
"CCTTCCCAGCACGCCT-1-0",10,3,1,93,9,1,0,0,1,0,0
"CCTTCCCAGTTACCCA-1-0",19,68,1,7,10,0,0,1,0,1,0
"CCTTCCCCAGACAAGC-1-0",11,4,2,82,11,1,0,0,0,0,0
"CCTTCCCGTCAACTGT-1-0",6,9,3,143,13,2,0,1,1,1,0
"CCTTCCCTCAACACAC-1-0",95,53,1,100,19,2,2,1,1,0,3
"CCTTCCCTCCACTGGG-1-0",13,4,0,10,13,11,0,0,0,0,0
"CCTTCCCTCGGAGGTA-1-0",6,6,1,101,9,1,0,0,0,1,0
"CCTTCGAAGTGGGCTA-1-0",13,71,2,6,7,1,1,1,1,1,0
"CCTTCGACAACCGCCA-1-0",13,5,4,216,25,1,0,1,0,2,0
"CCTTCGATCATGCATG-1-0",24,3,2,114,58,2,1,1,1,0,0
"CCTTTCTAGTGTACCT-1-0",14,81,2,15,10,0,1,0,0,1,0
"CCTTTCTCACAGCGTC-1-0",16,159,4,13,11,1,0,0,2,0,0
"CCTTTCTCAGATGAGC-1-0",17,90,1,6,16,1,14,0,0,1,0
"CCTTTCTTCGAGCCCA-1-0",14,94,3,14,12,0,0,0,1,0,0
"CCTTTCTTCGGACAAG-1-0",14,7,3,70,11,2,0,1,0,0,0
"CGAACATCACATAACC-1-0",19,4,2,169,8,0,0,1,0,1,0
"CGAACATTCGGTTAAC-1-0",15,11,1,243,10,1,0,1,0,1,0
"CGAATGTAGAAACGAG-1-0",15,6,5,169,12,1,1,2,0,1,0
"CGAATGTAGAAGGGTA-1-0",15,70,3,3,13,0,0,0,1,0,0
"CGAATGTAGTCATGCT-1-0",12,12,2,14,17,2,0,1,0,1,0
"CGAATGTCAGGGTATG-1-0",12,6,3,109,5,1,1,0,1,1,0
"CGACCTTCAGCATACT-1-0",7,10,3,1847,17,2,0,1,0,1,0
"CGACCTTGTCAATACC-1-0",9,6,2,211,13,1,0,0,0,1,0
"CGACCTTTCCCTAACC-1-0",15,499,4,3,10,1,0,0,2,1,0
"CGAGAAGAGTCCGGTC-1-0",13,3,3,195,10,0,0,0,0,0,0
"CGAGAAGAGTGAAGAG-1-0",13,2,3,256,7,1,0,0,0,0,0
"CGAGAAGCACGTGAGA-1-0",13,117,1,3,12,0,1,0,0,1,0
"CGAGAAGCATACCATG-1-0",11,6,2,84,11,6,2,0,2,0,0
"CGAGCACAGTGAAGTT-1-0",8,5,4,90,18,1,0,0,0,2,0
"CGAGCACCAAGAGTCG-1-0",12,2,2,59,8,1,2,0,0,1,0
"CGAGCACCACATAACC-1-0",33,26,3,13,26,4,1,0,1,1,1
"CGAGCACCACATTCGA-1-0",10,103,2,11,8,0,2,0,0,0,0
"CGAGCACCATTTCACT-1-0",16,4,2,62,18,1,0,0,0,1,0
"CGAGCACGTCAAACTC-1-0",12,6,2,189,13,0,0,0,1,1,0
"CGAGCACTCAACACCA-1-0",16,6,2,251,13,7,1,1,0,1,0
"CGAGCACTCTCTAAGG-1-0",15,402,17,6,19,1,0,1,1,0,0
"CGAGCCACAGCTCGAC-1-0",9,41,1,2,18,0,1,1,0,1,0
"CGAGCCAGTACAGACG-1-0",10,11,2,192,16,1,0,0,0,2,0
"CGATCGGTCATTGCGA-1-0",11,5,1,319,10,1,0,1,0,1,0
"CGATCGGTCGCTTAGA-1-0",23,66,3,7,19,2,1,2,1,2,0
"CGATGGCAGCAGCGTA-1-0",8,3,4,211,12,1,1,0,0,0,0
"CGATGGCCACCCATGG-1-0",9,205,3,4,13,1,1,1,0,0,0
"CGATGGCGTAACGACG-1-0",17,13,4,180,97,1,1,2,0,3,0
"CGATGTAAGCGATTCT-1-0",15,4,2,121,9,0,1,0,0,1,0
"CGATGTAAGCTAAACA-1-0",13,57,1,4,12,5,0,0,4,1,0
"CGATGTAAGTATTGGA-1-0",24,50,0,31,82,2,0,1,0,1,0
"CGATTGAAGGCTAGCA-1-0",19,36,2,4,10,0,1,0,0,2,0
"CGATTGAGTTATCGGT-1-0",16,50,3,11,10,1,0,0,0,1,0
"CGATTGATCACCTCGT-1-0",10,7,3,294,11,1,1,0,0,0,0
"CGCCAAGAGCTTATCG-1-0",11,310,2,7,11,2,1,0,0,0,0
"CGCCAAGCAAAGGAAG-1-0",23,7,3,9,16,14,1,2,0,1,0
"CGCCAAGGTGTTTGTG-1-0",16,26,2,13,8,3,0,1,0,1,0
"CGCCAAGGTTGTACAC-1-0",18,176,3,8,12,2,1,0,0,2,0
"CGCCAAGTCAATAAGG-1-0",13,52,1,14,20,2,1,0,0,2,0
"CGCGGTAAGCTAGGCA-1-0",8,37,2,52,27,1,1,0,0,0,0
"CGCGGTAAGTACATGA-1-0",12,4,1,2,9,18,1,0,0,0,0
"CGCGGTACAAGAGTCG-1-0",23,3,2,277,9,1,0,0,0,1,0
"CGCGGTACACGAAGCA-1-0",12,108,0,10,14,0,1,1,0,0,0
"CGCGGTACACTGTGTA-1-0",10,5,1,489,14,1,0,0,1,0,1
"CGCGGTACAGGCGATA-1-0",14,38,2,2,11,0,1,0,0,0,0
"CGCGGTACATATACGC-1-0",7,2,1,78,10,1,1,1,0,3,1
"CGCGGTAGTCTCTTAT-1-0",8,4,2,939,13,1,1,0,0,0,0
"CGCGGTAGTCTGATTG-1-0",14,76,1,10,11,2,0,0,1,2,0
"CGCGGTAGTGGTCTCG-1-0",11,4,3,245,15,0,0,0,0,0,0
"CGCGTTTAGGAGCGAG-1-0",12,1,3,7,267,1,0,0,0,0,0
"CGCGTTTCACTTAAGC-1-0",9,7,4,5,55,1,0,1,1,1,0
"CGCGTTTCAGGAACGT-1-0",13,8,1,540,13,3,0,0,1,1,0
"CGCGTTTTCAGCCTAA-1-0",16,16,3,9,12,1,0,0,1,1,0
"CGCGTTTTCCCAGGTG-1-0",211,11,1,351,16,1,1,0,1,1,0
"CGCGTTTTCTTCGAGA-1-0",8,8,1,336,9,2,0,1,0,1,0
"CGCTATCAGCGTCTAT-1-0",10,3,1,105,17,1,0,0,0,0,0
"CGCTATCAGGCATGTG-1-0",30,300,4,19,25,3,2,1,1,1,0
"CGCTATCAGGGAACGG-1-0",22,43,2,16,27,4,2,2,6,3,0
"CGCTATCGTCCCGACA-1-0",13,116,3,9,13,0,0,0,0,0,0
"CGCTATCGTCTAGAGG-1-0",19,5,59,524,11,2,0,0,0,0,0
"CGCTATCTCCTCATTA-1-0",192,1,1,93,16,1,0,1,0,1,0
"CGCTGGACATGAACCT-1-0",17,273,1,9,10,0,1,1,0,1,1
"CGCTGGATCTCCGGTT-1-0",8,3,4,59,8,1,0,0,1,1,1
"CGCTTCAAGGGATGGG-1-0",16,7,2,140,12,2,0,0,1,1,0
"CGCTTCACAAGTCTGT-1-0",17,157,1,14,11,1,1,1,1,1,0
"CGCTTCACATGTTGAC-1-0",15,8,2,11,6,1,0,1,0,1,0
"CGCTTCAGTATTCGTG-1-0",18,3,3,7,468,1,2,0,0,2,1
"CGCTTCAGTTGGGACA-1-0",7,35,1,5,8,1,1,0,1,1,0
"CGGACACCATTTCAGG-1-0",16,7,2,186,19,5,0,0,2,5,0
"CGGACACGTAGCTAAA-1-0",21,8,2,9,232,2,0,1,0,1,0
"CGGACACGTGCCTGCA-1-0",16,100,2,3,11,1,0,0,0,2,0
"CGGACACTCCCTGACT-1-0",12,10,1,5,13,91,1,0,0,0,0
"CGGACACTCGGCTACG-1-0",10,93,2,6,17,1,0,1,0,0,0
"CGGACGTCACCACCAG-1-0",17,56,3,16,17,1,1,2,0,3,0
"CGGACGTGTAGATTAG-1-0",4,2,1,122,21,4,1,0,0,1,0
"CGGACGTGTTCTGTTT-1-0",14,715,0,14,8,1,1,0,0,0,0
"CGGACGTTCCTTGCCA-1-0",23,109,5,13,32,0,0,1,0,1,1
"CGGACTGAGGTAGCTG-1-0",14,41,0,9,21,0,0,0,1,2,0
"CGGACTGAGTACCGGA-1-0",14,16,2,6,13,0,1,2,1,0,0
"CGGACTGCAAAGGAAG-1-0",9,9,0,166,9,1,1,0,0,2,0
"CGGACTGCAGCGTCCA-1-0",17,284,3,16,43,2,0,1,1,1,0
"CGGACTGGTACGAAAT-1-0",7,93,1,4,8,0,1,0,0,1,0
"CGGACTGGTGATGTGG-1-0",19,3,2,96,19,1,2,0,0,1,0
"CGGACTGTCATGCAAC-1-0",10,7,1,195,8,8,0,1,0,0,0
"CGGACTGTCCAAATGC-1-0",21,9,2,10,18,9,1,0,1,0,0
"CGGAGCTAGGTGATAT-1-0",19,4,1,37,10,9,0,0,2,2,0
"CGGAGCTCAACACGCC-1-0",13,16,2,196,12,0,0,0,0,1,0
"CGGAGTCAGGAGCGTT-1-0",11,3,1,1123,16,1,2,1,1,0,0
"CGGAGTCCAACTGCTA-1-0",20,23,7,521,52,4,1,1,2,2,1
"CGGAGTCCATAGTAAG-1-0",14,6,2,230,4,2,1,0,0,1,0
"CGGAGTCGTGCAGTAG-1-0",8,58,2,14,7,1,0,0,1,0,0
"CGGAGTCGTTCCGTCT-1-0",8,65,1,4,11,0,1,0,2,1,0
"CGGAGTCTCCAGAAGG-1-0",18,10,1,4,13,1,0,1,1,0,0
"CGGAGTCTCGTGTAGT-1-0",4,3,0,2,5,1,0,0,0,1,0
"CGGCTAGAGTACGATA-1-0",11,7,1,289,9,0,0,1,1,2,0
"CGGCTAGAGTGGCACA-1-0",17,164,2,10,15,1,0,1,0,1,0
"CGGCTAGTCACTTCAT-1-0",12,6,1,818,15,1,3,0,0,1,0
"CGGCTAGTCAGAGCTT-1-0",13,3,3,9,173,0,0,2,0,2,0
"CGGGTCAGTGCTCTTC-1-0",11,5,4,64,23,2,1,0,0,1,0
"CGGTTAAGTAGTACCT-1-0",11,11,1,102,9,1,0,0,0,0,0
"CGGTTAAGTCTCAACA-1-0",20,16,1,316,10,2,0,0,0,0,0
"CGGTTAATCCTAGAAC-1-0",15,3,1,234,11,2,0,0,1,0,0
"CGTAGCGCACGCGAAA-1-0",23,172,5,7,20,2,1,5,2,1,0
"CGTAGCGGTTATCACG-1-0",9,25,1,26,12,0,1,0,0,1,0
"CGTAGCGTCAGGCAAG-1-0",15,6,2,189,14,1,0,0,0,0,0
"CGTAGGCAGACTTTCG-1-0",11,4,1,363,6,6,0,1,0,0,0
"CGTAGGCAGTACGCGA-1-0",13,4,2,19,45,1,0,0,0,0,1
"CGTAGGCGTAAGGGAA-1-0",24,8,4,636,26,9,0,1,0,2,0
"CGTAGGCGTGTTCTTT-1-0",6,19,1,7,12,1,1,1,1,0,0
"CGTAGGCTCAAACGGG-1-0",15,39,3,6,11,0,1,0,0,1,0
"CGTAGGCTCAGCGATT-1-0",23,2,2,241,11,1,0,2,0,0,0
"CGTCACTCAGGAATGC-1-0",12,61,2,8,17,1,1,0,0,0,1
"CGTCACTTCAGCTTAG-1-0",7,10,3,99,17,1,1,1,0,1,0
"CGTCACTTCTAACTTC-1-0",9,154,1,4,14,1,0,0,1,0,0
"CGTCAGGTCCTTGCCA-1-0",14,38,2,5,12,1,0,0,0,1,0
"CGTCCATCAGTATGCT-1-0",9,7,2,10,10,1,2,0,0,1,0
"CGTCCATGTAGAAGGA-1-0",36,22,6,135,41,2,2,1,2,3,0
"CGTCCATGTGGTCCGT-1-0",5,6,1,55,19,2,0,0,0,4,0
"CGTCCATGTGTTTGTG-1-0",16,15,4,125,26,1,1,2,0,0,1
"CGTCCATTCCGCGGTA-1-0",14,5,2,304,10,1,1,0,2,1,0
"CGTCCATTCCGGGTGT-1-0",13,7,1,159,10,1,0,0,0,0,0
"CGTCCATTCGGCGGTT-1-0",10,42,2,6,21,1,0,0,0,1,0
"CGTCTACAGAGGTACC-1-0",9,5,1,463,19,1,0,1,0,1,0
"CGTCTACAGTACACCT-1-0",12,47,1,8,8,2,1,0,0,1,0
"CGTCTACCACAACTGT-1-0",18,196,1,7,17,1,0,0,0,0,0
"CGTCTACGTGGCTCCA-1-0",16,492,2,8,10,2,1,3,0,1,0
"CGTCTACTCCACGAAT-1-0",17,265,1,6,10,1,1,0,0,0,0
"CGTGAGCAGGCTCAGA-1-0",14,4,3,17,13,13,0,1,1,1,0
"CGTGAGCGTCACACGC-1-0",9,8,3,606,9,1,1,0,1,0,0
"CGTGTAAAGCAGCCTC-1-0",10,4,0,131,7,0,0,0,1,0,0
"CGTGTAACACTGTTAG-1-0",16,4,2,122,32,0,0,1,0,0,0
"CGTGTCTGTGAGTATA-1-0",12,1,1,156,11,1,0,0,0,0,0
"CGTGTCTGTTCCACGG-1-0",10,400,1,16,10,0,0,0,1,1,0
"CGTTAGACAAGTACCT-1-0",12,4,2,264,8,0,1,0,0,2,0
"CGTTAGATCCATGAGT-1-0",11,6,3,352,10,1,0,1,0,1,0
"CGTTCTGAGGGTTTCT-1-0",17,91,1,4,11,1,2,0,0,0,0
"CGTTCTGGTTACTGAC-1-0",9,4,0,52,15,3,0,0,1,1,0
"CGTTCTGTCTCGTATT-1-0",16,5,2,1315,22,2,0,0,0,2,0
"CGTTGGGCAAGCCATT-1-0",23,23,4,14,39,2,1,0,1,1,0
"CGTTGGGCAGTACACT-1-0",16,4,3,326,11,2,0,1,1,1,0
"CGTTGGGCATGCTGGC-1-0",18,24,136,6,15,2,1,2,0,2,1
"CGTTGGGGTGACTACT-1-0",10,4,2,1182,14,1,0,0,0,2,0
"CTAACTTAGCCCTAAT-1-0",13,49,2,8,19,2,0,0,0,0,0
"CTAACTTCACCGAAAG-1-0",15,61,2,8,33,0,0,0,0,1,0
"CTAAGACGTTTAGCTG-1-0",14,4,3,3785,23,1,0,1,0,2,0
"CTAAGACTCACCGTAA-1-0",34,5,1,181,13,2,1,0,0,0,1
"CTAAGACTCATTCACT-1-0",15,369,4,6,7,0,0,0,0,2,0
"CTAAGACTCTGCGTAA-1-0",12,10,4,103,7,1,1,0,0,0,0
"CTAATGGAGCCAGGAT-1-0",11,7,3,301,19,8,0,0,0,1,0
"CTAATGGAGTCAAGCG-1-0",12,5,2,457,28,1,0,0,0,1,0
"CTAATGGGTGGTACAG-1-0",13,4,1,397,8,2,2,1,0,0,0
"CTAATGGGTGTTGGGA-1-0",19,3,1,116,20,1,1,1,0,2,0
"CTACACCAGAAAGTGG-1-0",12,3,0,228,10,0,0,1,0,2,0
"CTACACCAGCTGTCTA-1-0",27,323,3,15,19,1,1,0,0,1,1
"CTACACCAGTCAATAG-1-0",18,48,4,13,15,1,3,0,0,1,0
"CTACACCCACATCTTT-1-0",15,7,3,378,9,1,1,0,1,0,0
"CTACACCCACGTCAGC-1-0",14,4,0,209,10,4,0,1,1,1,0
"CTACATTAGCCACCTG-1-0",9,3,2,9,212,1,1,1,0,0,0
"CTACATTCAGACGCTC-1-0",16,7,1,9,14,99,0,0,1,1,0
"CTACATTGTACGAAAT-1-0",10,1,1,135,9,0,1,0,0,1,0
"CTACATTGTCTAGGTT-1-0",9,72,2,17,19,1,0,0,0,2,0
"CTACGTCAGTCAAGCG-1-0",9,11,3,10,9,1,0,0,0,0,0
"CTACGTCTCGCATGAT-1-0",16,5,1,78,6,0,0,0,1,0,0
"CTAGAGTAGCCATCGC-1-0",15,2,2,320,12,2,0,0,0,2,0
"CTAGAGTAGTTACGGG-1-0",12,9,7,458,13,1,1,0,0,0,0
"CTAGAGTGTCTTGCGG-1-0",9,7,3,8,12,1,0,0,0,0,0
"CTAGAGTTCATTCACT-1-0",11,80,2,4,11,1,1,0,1,1,0
"CTAGCCTAGATATGCA-1-0",12,6,2,28,8,1,1,0,0,1,0
"CTAGCCTCAAGGGTCA-1-0",8,5,2,8,6,6,0,0,0,0,1
"CTAGCCTCAGAAGCAC-1-0",17,4,2,7,1446,1,1,2,0,1,0
"CTAGCCTCATTCTCAT-1-0",29,46,3,18,41,1,2,1,0,1,1
"CTAGTGAGTATTAGCC-1-0",15,8,2,318,11,1,0,0,2,0,1
"CTAGTGAGTTCACGGC-1-0",10,9,1,203,7,1,0,0,0,1,0
"CTCACACAGCGTAATA-1-0",18,34,1,2,10,2,1,0,0,0,0
"CTCACACCAATCCAAC-1-0",17,86,4,4,10,2,1,0,1,1,0
"CTCAGAACACTAAGTC-1-0",13,17,5,9,49,1,1,1,0,1,0
"CTCAGAACATGCCTAA-1-0",14,158,3,13,9,1,1,0,0,1,1
"CTCATTAAGAATAGGG-1-0",15,11,2,24,13,0,0,0,0,0,0
"CTCATTAAGCGTTTAC-1-0",14,8,2,4,14,2,0,1,1,1,0
"CTCATTACAGCGTCCA-1-0",10,6,2,150,30,1,0,7,1,0,0
"CTCATTAGTGTGGTTT-1-0",16,24,2,59,9,1,0,0,0,1,0
"CTCCTAGAGCTAAGAT-1-0",11,132,2,7,8,1,1,0,0,0,0
"CTCCTAGCAGTACACT-1-0",16,5,1,201,14,8,0,1,0,1,0
"CTCCTAGGTTGGTGGA-1-0",12,9,1,541,10,1,0,0,0,2,0
"CTCGAAAAGTCAAGGC-1-0",13,12,2,10,524,2,0,0,0,1,0
"CTCGAAACACGAGGTA-1-0",13,7,1,529,16,1,0,0,1,1,0
"CTCGAAAGTCAGAAGC-1-0",15,49,3,6,9,2,1,0,1,0,0
"CTCGAAATCGTGGGAA-1-0",8,6,2,52,11,1,0,0,0,0,0
"CTCGAGGAGCGTCAAG-1-0",8,19,2,6,13,1,1,0,0,0,0
"CTCGAGGCATACGCCG-1-0",19,5,1,528,12,1,0,1,0,1,0
"CTCGAGGTCCTCCTAG-1-0",13,13,2,14,379,2,1,0,0,2,0
"CTCGGAGAGCGATGAC-1-0",17,5,1,108,9,0,1,0,0,1,0
"CTCGGAGAGCTGTTCA-1-0",13,4,2,5,9,2,0,0,0,1,0
"CTCGGAGAGGCACATG-1-0",16,3,3,194,9,2,0,0,0,0,0
"CTCGGAGAGTAGTGCG-1-0",11,60,3,8,8,0,0,0,4,0,0
"CTCGGAGAGTTCGCGC-1-0",18,12,1,378,10,0,0,0,1,0,0
"CTCGGAGCAATGAAAC-1-0",9,79,1,6,10,1,2,0,1,1,0
"CTCGGAGGTAATCACC-1-0",8,204,4,6,11,1,1,4,0,0,0
"CTCGGAGGTCAACATC-1-0",12,391,3,6,13,1,0,0,0,1,0
"CTCGGAGGTGAGGGTT-1-0",13,227,2,4,224,0,1,0,0,1,0
"CTCGGAGGTTCGTGAT-1-0",11,21,1,10,8,2,0,0,0,1,0
"CTCGGAGTCCCTCAGT-1-0",14,4,1,2124,11,1,1,0,0,0,0
"CTCGGAGTCGCAGGCT-1-0",8,7,1,556,13,0,0,0,1,1,0
"CTCGGGAAGTACCGGA-1-0",18,195,1,5,26,1,0,0,0,1,0
"CTCGGGAAGTTAGGTA-1-0",9,4,6,249,17,0,2,0,0,0,0
"CTCGGGATCAGGTTCA-1-0",9,51,3,3,13,2,1,0,0,1,0
"CTCGGGATCATTTGGG-1-0",11,5,3,394,13,1,0,0,0,1,0
"CTCGTACGTCAGTGGA-1-0",12,4,0,92,7,1,1,1,1,2,0
"CTCGTACGTCGACTAT-1-0",15,9,2,31,19,2,1,1,1,0,0
"CTCGTACTCCCTAATT-1-0",18,64,2,6,14,1,0,0,0,0,0
"CTCGTCAAGCGATCCC-1-0",22,8,1,345,16,2,0,1,0,0,0
"CTCGTCAAGTGCTGCC-1-0",13,5,2,96,9,1,0,0,0,0,0
"CTCGTCACAATAACGA-1-0",12,9,4,75,14,0,3,0,0,0,5
"CTCGTCAGTCTAGTGT-1-0",16,4,1,343,13,2,1,3,0,0,0
"CTCGTCATCGGCCGAT-1-0",10,6,1,4,6,1,0,0,0,0,0
"CTCTAATAGACTGGGT-1-0",12,4,2,334,13,1,1,0,0,2,0
"CTCTAATGTACATCCA-1-0",16,4,1,139,10,2,1,0,1,1,0
"CTCTAATTCGCTTGTC-1-0",21,485,1,10,12,2,0,1,1,1,0
"CTCTACGAGGGTCTCC-1-0",10,7,1,208,7,0,1,0,0,1,0
"CTCTACGAGTAATCCC-1-0",6,5,1,154,7,0,0,0,0,1,0
"CTCTACGCACGGCGTT-1-0",12,90,1,26,12,1,0,0,0,1,0
"CTCTACGGTATTCGTG-1-0",13,4,1,6,11,4,0,1,1,2,0
"CTCTACGGTCGGCATC-1-0",12,13,3,7,8,0,1,0,0,2,0
"CTCTACGGTCTGGTCG-1-0",15,4,4,730,12,1,1,0,0,2,0
"CTCTACGTCCAGATCA-1-0",11,48,2,13,18,1,0,1,0,0,0
"CTCTGGTGTAAGGATT-1-0",15,6,1,270,17,1,0,0,0,1,0
"CTCTGGTGTAGAGCTG-1-0",13,6,5,156,11,1,0,1,0,1,0
"CTCTGGTGTTGAACTC-1-0",30,74,0,7,7,1,0,0,1,0,0
"CTGAAACTCCAAACAC-1-0",14,105,3,9,9,2,0,0,0,2,0
"CTGAAGTAGCCCAATT-1-0",18,6,1,177,15,2,0,0,2,0,0
"CTGAAGTCAGTCTTCC-1-0",10,59,1,8,9,0,1,0,1,1,0
"CTGAAGTCATGCCTTC-1-0",10,191,2,9,18,2,0,0,1,2,0
"CTGAAGTTCATCGCTC-1-0",10,11,4,228,11,1,0,0,1,1,1
"CTGAAGTTCCTTTCGG-1-0",12,414,6,7,15,3,0,0,2,1,0
"CTGATAGAGATATACG-1-0",10,33,1,6,22,3,1,1,0,2,0
"CTGATAGCAGACAAAT-1-0",14,197,3,41,16,1,1,0,1,1,1
"CTGATAGCAGTTAACC-1-0",11,10,4,141,16,2,1,1,0,0,0
"CTGATAGGTCTGCGGT-1-0",17,73,1,13,9,1,0,0,0,1,0
"CTGATAGTCTGCAAGT-1-0",11,268,2,7,11,1,2,0,0,2,0
"CTGATCCCAGTTCCCT-1-0",11,17,2,5,645,1,0,0,1,0,0
"CTGATCCTCCCAAGAT-1-0",8,2,1,151,16,0,0,0,1,1,0
"CTGCCTACAGGTGCCT-1-0",18,359,2,8,21,0,0,0,1,0,0
"CTGCCTATCTCATTCA-1-0",14,17,3,3,11,1,0,0,1,0,0
"CTGCCTATCTGCTTGC-1-0",15,73,2,5,16,1,1,2,0,1,0
"CTGCGGAAGATGGCGT-1-0",8,9,1,6,11,1,0,2,0,1,0
"CTGCGGAAGTGACTCT-1-0",13,3,2,1588,17,1,1,0,1,2,0
"CTGCGGACATCTGGTA-1-0",12,4,2,873,11,1,0,0,2,4,0
"CTGCGGAGTATTAGCC-1-0",15,45,0,8,7,0,1,1,0,0,0
"CTGCGGATCTTGTACT-1-0",27,110,3,13,24,1,0,1,1,2,0
"CTGCTGTAGGTAGCCA-1-0",14,114,2,5,15,0,0,0,0,0,0
"CTGCTGTCATTGGGCC-1-0",12,13,3,6,15,0,1,0,0,0,0
"CTGCTGTTCTAACCGA-1-0",11,255,2,8,7,0,0,1,0,1,0
"CTGCTGTTCTTGTATC-1-0",16,8,2,108,18,0,0,0,2,0,0
"CTGGTCTAGGCCATAG-1-0",7,6,2,329,9,0,1,1,0,0,0
"CTGGTCTCAATGTTGC-1-0",15,1,0,12,9,65,0,0,0,1,0
"CTGGTCTCAGATGGCA-1-0",16,25,1,6,14,3,0,0,2,1,0
"CTGGTCTCAGGAATGC-1-0",12,4,1,54,14,0,0,0,0,1,0
"CTGTGCTCAAGTAGTA-1-0",14,4,4,142,16,0,0,0,0,0,0
"CTGTGCTGTCATGCCG-1-0",14,89,2,4,16,1,0,0,1,1,0
"CTGTGCTGTGCACCAC-1-0",20,14,2,200,224,1,1,1,0,4,0
"CTGTGCTTCATCGCTC-1-0",11,3,3,544,14,1,0,0,0,3,0
"CTGTTTAAGCCAGAAC-1-0",20,6,4,448,17,3,1,0,0,2,0
"CTGTTTACACCCTATC-1-0",13,4,2,585,14,1,1,0,0,2,0
"CTGTTTACAGAGCCAA-1-0",11,44,2,4,11,1,1,0,0,0,0
"CTGTTTAGTGCACCAC-1-0",10,2,1,89,17,2,0,0,0,0,0
"CTGTTTAGTGCGAAAC-1-0",9,6,1,185,11,1,1,1,0,1,0
"CTGTTTATCTCGATGA-1-0",27,76,6,28,22,3,2,3,1,3,0
"CTTAACTCACAGGAGT-1-0",10,233,2,6,10,1,2,0,0,0,0
"CTTAACTTCGGTTAAC-1-0",24,139,1,5,27,2,0,0,1,1,0
"CTTACCGAGTACGCGA-1-0",16,3,1,648,21,2,1,2,0,1,1
"CTTACCGCAAAGCAAT-1-0",11,7,1,208,39,0,0,1,1,1,1
"CTTACCGGTTCCAACA-1-0",16,336,2,11,24,0,0,0,1,1,1
"CTTAGGAGTACCGCTG-1-0",13,11,2,12,628,0,0,1,0,1,0
"CTTAGGAGTATATCCG-1-0",10,5,2,296,21,1,0,0,0,1,0
"CTTAGGATCGGCTACG-1-0",14,7,2,180,9,0,1,0,0,0,0
"CTTCTCTGTACAAGTA-1-0",14,5,4,109,14,0,1,0,0,1,0
"CTTCTCTGTCGAAAGC-1-0",17,12,1,327,15,0,1,1,0,1,0
"CTTCTCTTCAGCACAT-1-0",8,5,4,84,9,1,1,0,1,1,0
"CTTGGCTCACCAACCG-1-0",8,45,2,4,13,3,0,0,1,1,0
"CTTTGCGCAGATAATG-1-0",15,156,4,32,20,2,0,0,0,2,0
"CTTTGCGGTGTGAATA-1-0",12,229,1,9,10,1,0,1,1,2,0
"CTTTGCGGTTGCGTTA-1-0",32,6,3,362,13,0,0,1,1,1,1
"GAAACTCAGAGCAATT-1-0",16,5,2,128,12,0,0,0,0,1,0
"GAAACTCAGCTGAACG-1-0",16,6,1,6,28,1,0,0,0,2,0
"GAAACTCAGGCGACAT-1-0",25,14,4,161,29,2,2,1,3,2,0
"GAAACTCGTACGAAAT-1-0",11,4,1,350,11,1,0,0,0,2,0
"GAAATGAAGGCAGTCA-1-0",9,5,2,14,6,0,0,0,1,1,0
"GAAATGAAGTCATCCA-1-0",8,6,2,233,15,1,0,1,0,0,0
"GAAATGACAGCTGTTA-1-0",16,48,1,11,13,1,0,1,0,1,0
"GAAATGAGTGTAAGTA-1-0",15,4,3,190,14,0,1,0,0,3,0
"GAACATCCACGTAAGG-1-0",465,13,2,11,9,1,0,0,0,1,1
"GAACATCGTACACCGC-1-0",15,3,2,136,11,0,0,0,0,0,0
"GAACATCGTACCGCTG-1-0",9,5,1,261,7,1,1,0,0,0,0
"GAACATCGTTAGATGA-1-0",13,25,3,12,19,1,0,0,0,0,0
"GAACCTACACACAGAG-1-0",8,329,1,5,7,1,0,1,1,0,0
"GAACCTACAGTAACGG-1-0",282,2,3,144,9,1,0,1,1,0,0
"GAACGGAAGCCCGAAA-1-0",15,7,2,704,12,1,0,1,0,1,0
"GAACGGACATGACGGA-1-0",10,8,2,253,20,0,1,1,1,1,0
"GAACGGAGTTACGCGC-1-0",15,26,2,4,15,1,0,0,0,2,0
"GAAGCAGAGTTAAGTG-1-0",15,8,1,4,15,0,0,2,1,1,0
"GAAGCAGCAGTGAGTG-1-0",14,6,2,16,13,1,1,1,0,1,0
"GAAGCAGGTAAATGTG-1-0",13,6,3,358,14,0,2,1,0,1,0
"GAAGCAGTCACGACTA-1-0",13,5,4,678,12,1,1,2,1,2,1
"GAAGCAGTCAGATAAG-1-0",12,1,1,419,10,0,2,0,1,1,0
"GAATAAGAGTGGAGAA-1-0",21,39,1,8,17,1,0,1,1,1,0
"GAATAAGCAAGCTGTT-1-0",11,5,4,67,13,1,1,0,1,1,0
"GAATAAGGTCGTCTTC-1-0",34,13,4,240,49,1,1,2,5,1,0
"GAATAAGGTTTCGCTC-1-0",10,99,1,4,15,0,0,1,0,1,0
"GAATAAGTCCGCGTTT-1-0",11,3,2,63,41,2,2,0,0,2,0
"GAATGAAAGACGCTTT-1-0",11,66,1,7,16,1,1,0,0,0,0
"GAATGAAGTCTAAACC-1-0",26,26,4,13,24,1,1,1,1,2,0
"GAATGAATCGCGCCAA-1-0",10,18,3,4,14,2,0,1,0,0,0
"GACACGCAGAGTTGGC-1-0",16,5,3,90,14,2,0,0,2,0,0
"GACACGCAGTGGACGT-1-0",8,2,3,147,21,1,0,0,0,0,0
"GACACGCCACCATGTA-1-0",12,4,2,9,8,20,1,0,0,0,0
"GACACGCTCTCAAGTG-1-0",9,6,3,328,23,3,0,0,0,0,0
"GACAGAGAGAGGTTAT-1-0",12,17,2,6,10,1,0,0,0,1,0
"GACAGAGAGGGTATCG-1-0",19,8,6,140,48,1,1,1,1,1,0
"GACAGAGCACTGCCAG-1-0",22,14,3,405,52,2,1,1,1,2,0
"GACAGAGCATCAGTCA-1-0",13,6,3,205,9,0,1,0,0,0,0
"GACAGAGCATGAACCT-1-0",10,6,1,10,9,18,0,1,1,1,0
"GACAGAGGTACTCTCC-1-0",19,6,0,274,11,2,1,1,1,1,0
"GACCAATAGGTCATCT-1-0",17,4,2,323,15,2,0,0,0,0,0
"GACCAATGTGATGTCT-1-0",25,9,1,143,29,1,0,1,1,2,1
"GACCAATTCATGCAAC-1-0",15,655,3,10,14,0,1,1,0,1,0
"GACCAATTCGGTTAAC-1-0",11,6,3,4,85,1,0,0,0,1,0
"GACCTGGAGCCTATGT-1-0",14,6,1,145,8,1,2,1,0,1,0
"GACCTGGAGGAGTACC-1-0",13,17,3,113,32,1,1,1,0,1,0
"GACCTGGAGTGACTCT-1-0",16,246,4,5,42,2,2,0,2,1,0
"GACCTGGCAGGCGATA-1-0",11,137,4,11,18,2,0,0,0,0,0
"GACGCGTAGCCACGTC-1-0",23,80,3,15,21,3,0,0,0,1,0
"GACGCGTAGCGGCTTC-1-0",17,3,1,24,11,1,1,0,1,1,0
"GACGCGTTCAGGTAAA-1-0",10,6,2,281,9,0,1,0,0,1,0
"GACGCGTTCTTCATGT-1-0",15,20,2,8,10,1,0,0,1,0,0
"GACGGCTAGCCAGGAT-1-0",8,5,2,156,12,1,1,0,0,1,0
"GACGGCTAGCTGCCCA-1-0",13,23,4,10,334,0,1,0,0,1,0
"GACGGCTAGGTGCTTT-1-0",16,27,3,7,14,2,0,1,0,0,0
"GACGGCTCATCCGCGA-1-0",30,337,3,17,44,1,1,2,1,3,0
"GACGTGCTCGACGGAA-1-0",14,6,1,29,15,1,1,0,0,1,0
"GACGTTAAGTTTCCTT-1-0",13,5,2,701,11,3,0,0,0,0,0
"GACGTTACACCCTATC-1-0",20,8,1,11,18,1,2,0,1,1,0
"GACGTTACACGTCTCT-1-0",20,48,2,10,37,1,0,0,0,1,0
"GACGTTACAGGGTACA-1-0",18,45,1,5,12,1,1,0,0,1,0
"GACGTTAGTGGAAAGA-1-0",13,124,2,14,57,1,0,0,1,3,0
"GACGTTATCCGCGTTT-1-0",14,5,0,629,14,1,0,2,1,0,0
"GACTAACAGCCTATGT-1-0",4190,6,3,35,20,2,2,1,1,0,0
"GACTAACCATTAGCCA-1-0",13,163,2,4,11,1,0,0,1,1,0
"GACTAACTCAACCAAC-1-0",9,79,4,6,22,1,0,0,0,0,0
"GACTACAAGGCTAGGT-1-0",17,104,3,6,23,0,0,1,0,1,0
"GACTACAGTTAGAACA-1-0",9,8,1,6,5,1,1,0,0,0,0
"GACTACATCCCATTTA-1-0",15,4,2,204,11,1,1,0,1,1,0
"GACTGCGAGAATTGTG-1-0",8,12,2,75,10,1,1,1,1,0,0
"GACTGCGTCGCCTGAG-1-0",7,299,2,6,8,0,0,1,0,1,0
"GACTGCGTCTCTTGAT-1-0",16,4,2,316,18,2,0,0,1,1,0
"GAGCAGAAGAATGTTG-1-0",33,7,3,177,21,2,2,1,0,2,2
"GAGCAGACAGTCAGCC-1-0",15,5,4,7,650,2,2,0,0,2,0
"GAGCAGATCAGCTCTC-1-0",15,49,1,4,10,0,0,0,0,1,1
"GAGGTGAAGTACGCCC-1-0",10,157,2,5,12,0,1,0,0,1,0
"GAGGTGAAGTGAACAT-1-0",15,5,2,12,256,0,0,0,0,1,1
"GAGGTGATCCTTGCCA-1-0",11,2,3,138,8,1,0,0,0,0,0
"GAGTCCGAGTACCGGA-1-0",16,158,2,2,13,0,1,0,1,0,0
"GAGTCCGGTCGCGAAA-1-0",10,5,4,73,6,1,0,0,0,1,0
"GAGTCCGTCAGCTCGG-1-0",12,4,1,195,11,1,0,0,0,0,0
"GATCAGTAGCGAAGGG-1-0",15,4,1,9,594,1,1,0,0,1,0
"GATCAGTAGCTGAACG-1-0",8,5,3,7,6,19,1,1,0,1,0
"GATCAGTAGTCCATAC-1-0",8,265,2,7,14,0,0,0,0,0,0
"GATCAGTCACATAACC-1-0",18,6,0,179,10,1,0,1,0,1,0
"GATCAGTTCTGATTCT-1-0",27,63,3,6,6,0,0,0,0,0,0
"GATCAGTTCTTCTGGC-1-0",10,183,1,4,24,2,0,1,0,1,0
"GATCGATAGACTGTAA-1-0",15,8,1,14,13,1,0,0,0,1,0
"GATCGATAGAGGTTAT-1-0",208,4,1,5,374,0,0,2,0,0,0
"GATCGATAGCGCCTTG-1-0",8,76,3,7,12,1,1,0,0,2,0
"GATCGATAGGATCGCA-1-0",15,4,3,80,20,2,1,1,0,1,0
"GATCGATCAGTCACTA-1-0",9,3,3,360,22,2,0,0,1,1,0
"GATCGATCATGCCCGA-1-0",15,6,0,287,8,0,0,0,0,1,0
"GATCGATGTTCACGGC-1-0",19,10,3,65,18,1,0,0,0,0,1
"GATCGATTCAGGTTCA-1-0",10,6,3,98,11,1,0,1,0,1,0
"GATCGATTCTCCCTGA-1-0",10,6,3,248,11,1,0,0,0,0,0
"GATCGATTCTCGCATC-1-0",16,833,3,9,31,1,0,1,1,1,0
"GATCGCGAGACTGGGT-1-0",18,3,2,299,15,2,0,0,1,0,0
"GATCGCGAGGCGATAC-1-0",15,5,2,83,16,2,1,1,0,0,0
"GATCGTAAGAGCTTCT-1-0",8,127,1,3,5,1,0,0,1,1,0
"GATCGTAAGTACGCCC-1-0",22,7,2,191,14,1,0,1,0,1,0
"GATCGTAAGTGCCATT-1-0",13,9,1,4,11,2,1,0,0,1,0
"GATCGTACAAGCCCAC-1-0",11,7,2,22,8,32,0,0,1,0,0
"GATCGTACACGGCCAT-1-0",14,11,4,310,14,0,0,0,0,0,0
"GATCGTAGTCGTGGCT-1-0",12,12,2,40,13,0,0,1,0,0,0
"GATCGTAGTTGATTCG-1-0",13,19,2,9,9,0,0,0,0,1,0
"GATCGTAGTTGGAGGT-1-0",14,4,2,86,28,1,0,1,1,1,1
"GATCGTAGTTGTCTTT-1-0",14,110,1,3,14,1,0,0,1,1,0
"GATCGTATCAGTTCGA-1-0",15,3,2,579,18,1,1,0,0,1,0
"GATCGTATCCAGAGGA-1-0",10,13,1,117,13,3,1,0,1,0,0
"GATCGTATCGGAAACG-1-0",6,2,4,3,15,1,0,0,0,1,0
"GATCGTATCTCGCTTG-1-0",14,44,1,3,17,2,0,0,0,1,0
"GATCGTATCTGTTGAG-1-0",16,54,2,6,15,0,0,0,0,2,0
"GATCTAGTCTACGAGT-1-0",16,446,3,4,9,1,0,1,1,0,0
"GATGAAAGTCCGACGT-1-0",16,10,1,542,18,2,0,0,0,1,1
"GATGAGGGTAGGGACT-1-0",10,6,2,147,24,1,2,0,0,1,0
"GATGAGGGTGTGAATA-1-0",16,98,2,12,26,2,0,1,1,2,0
"GATGAGGGTTATGTGC-1-0",19,6,1,238,31,0,0,1,1,0,0
"GATGCTAGTCTAGCCG-1-0",17,6,2,199,13,1,1,0,0,0,0
"GATTCAGCAGTCTTCC-1-0",23,15,4,377,24,4,5,0,1,2,0
"GATTCAGGTCGATTGT-1-0",11,6,3,257,12,1,0,1,0,0,0
"GATTCAGGTTGTCGCG-1-0",10,6,1,45,12,1,1,0,0,1,0
"GATTCAGTCTGTGCAA-1-0",13,398,2,8,10,1,1,0,0,1,0
"GCAAACTCAGTCGTGC-1-0",17,7,3,427,12,1,0,10,0,1,0
"GCAAACTCATCGGAAG-1-0",18,33,3,11,24,2,0,1,0,1,0
"GCAAACTGTTCAGGCC-1-0",8,3,2,63,23,0,2,1,0,1,0
"GCAATCACAAGGACAC-1-0",10,13,3,7,10,1,0,1,0,0,0
"GCAATCACAGCTATTG-1-0",14,47,2,5,10,1,1,0,1,1,0
"GCAATCAGTTCTGTTT-1-0",11,477,2,470,8,1,1,0,1,0,0
"GCAATCATCGGTGTTA-1-0",17,167,3,3,14,1,1,0,0,1,0
"GCACATAAGAAGGCCT-1-0",14,7,1,218,13,1,0,1,0,0,0
"GCACATAAGCCGTCGT-1-0",7,6,0,383,14,0,1,0,1,0,0
"GCACTCTAGTGATCGG-1-0",20,4,2,137,15,5,6,2,2,2,2
"GCACTCTCACGCCAGT-1-0",4,1,0,117,7,1,0,1,0,0,0
"GCACTCTCACTGTCGG-1-0",17,7,2,167,19,0,1,0,1,0,1
"GCACTCTGTGCATCTA-1-0",8,81,3,6,13,0,1,0,0,1,0
"GCACTCTGTGCCTGGT-1-0",16,10,3,125,9,0,7,0,1,0,0
"GCAGCCATCGACCAGC-1-0",11,44,3,9,17,2,0,0,0,0,0
"GCAGTTACAAGTAATG-1-0",10,506,2,13,10,1,1,1,0,1,0
"GCAGTTATCAGGCAAG-1-0",12,7,2,263,9,2,1,0,0,0,1
"GCAGTTATCCTTTCGG-1-0",14,266,0,8,15,1,0,0,1,1,0
"GCAGTTATCTGCGTAA-1-0",11,40,2,8,9,2,0,0,2,1,0
"GCAGTTATCTGCTTGC-1-0",7,3,2,232,12,6,0,1,1,1,0
"GCATACACAAGTAATG-1-0",20,9,3,550,11,1,0,0,0,1,0
"GCATACACAATGGATA-1-0",9,8,2,10,7,82,0,0,2,1,0
"GCATACACAGCCTTTC-1-0",40,4,2,8,9,0,1,1,1,3,1
"GCATGCGAGAGCCCAA-1-0",17,247,1,13,12,0,2,0,0,0,0
"GCATGCGCAAACTGCT-1-0",28,10,4,379,37,2,2,0,2,1,0
"GCATGCGCAAGCCATT-1-0",15,420,5,6,16,1,2,0,0,1,0
"GCATGCGCAGATCCAT-1-0",10,6,2,6,18,1,0,0,0,1,0
"GCATGCGGTAGCCTAT-1-0",14,68,0,8,6,0,0,1,0,0,0
"GCATGCGGTGAGGGAG-1-0",17,4,1,370,11,0,1,1,1,1,0
"GCATGTAAGTACTTGC-1-0",9,36,2,6,10,0,1,0,1,2,0
"GCATGTACATCCTAGA-1-0",13,15,1,10,10,1,3,1,0,0,0
"GCCAAATGTGTGACCC-1-0",16,10,2,265,11,0,1,0,0,0,0
"GCCTCTAAGGTAAACT-1-0",21,4,2,595,9,2,1,0,1,0,1
"GCCTCTACACCTATCC-1-0",5,139,2,4,24,1,0,1,0,1,0
"GCCTCTACACGTCTCT-1-0",19,49,2,5,13,1,1,1,0,2,1
"GCCTCTAGTGCTTCTC-1-0",17,8,2,184,62,1,1,0,1,0,0
"GCCTCTATCACAAACC-1-0",12,11,1,273,11,1,0,0,0,1,0
"GCCTCTATCGCGTTTC-1-0",22,7,1,12,41,1,0,0,1,1,1
"GCGACCAAGCTGCGAA-1-0",10,6,2,511,12,4,0,1,0,2,0
"GCGACCATCTGCTGTC-1-0",32,184,7,38,31,2,2,0,1,1,0
"GCGAGAACACCCATTC-1-0",10,5,1,385,20,0,0,1,0,0,0
"GCGAGAATCAACACCA-1-0",22,14,4,122,21,2,1,1,1,1,0
"GCGAGAATCCTCAATT-1-0",11,8,2,422,18,0,1,1,1,0,0
"GCGCAACTCGGAAATA-1-0",16,178,2,13,9,0,0,0,0,0,0
"GCGCAGTAGCTGTCTA-1-0",10,132,1,9,11,2,1,0,1,1,0
"GCGCAGTAGGCTAGAC-1-0",11,4,2,668,12,1,1,0,0,1,0
"GCGCAGTCAAGTTAAG-1-0",14,111,5,10,11,1,2,1,0,0,0
"GCGCAGTGTGTTGAGG-1-0",18,15,2,223,23,3,1,0,2,2,0
"GCGCAGTTCAAACCAC-1-0",20,19,3,1179,39,3,1,0,1,2,0
"GCGCAGTTCAAACCGT-1-0",17,31,2,6,9,0,1,0,0,0,0
"GCGCCAAAGAGTAATC-1-0",18,65,2,2,10,1,2,1,5,1,0
"GCGCCAACAGACAAAT-1-0",11,121,2,15,11,4,0,0,0,1,0
"GCGCCAACAGACGCTC-1-0",10,6,1,120,22,1,0,3,0,1,0
"GCGCGATGTCTAGGTT-1-0",9,11,4,376,20,0,1,0,0,0,0
"GCGCGATTCAATACCG-1-0",10,5,1,416,8,5,1,0,0,1,0
"GCGCGATTCACAATGC-1-0",13,15,2,5,16,2,1,0,1,2,0
"GCGCGATTCCCGACTT-1-0",9,7,2,510,13,1,0,0,0,1,0
"GCGCGATTCTAACTGG-1-0",15,292,1,4,13,1,0,2,0,1,0
"GCGGGTTGTATAGGTA-1-0",10,3,1,982,16,2,0,0,0,0,0
"GCGGGTTGTGCAGGTA-1-0",8,9,1,11,10,0,0,0,0,0,0
"GCTCTGTGTTCGTTGA-1-0",15,3,2,137,22,0,0,1,0,1,0
"GCTGCAGAGGGTATCG-1-0",11,5,3,36,273,1,0,0,0,1,1
"GCTGCAGAGTAGCGGT-1-0",16,130,3,5,91,1,2,0,0,1,0
"GCTGCAGCAAGGTTTC-1-0",8,6,1,104,10,1,0,1,0,1,1
"GCTGCAGGTAGGACAC-1-0",14,5,2,205,21,5,0,1,0,1,0
"GCTGCAGTCGGCTTGG-1-0",8,5,1,252,21,1,0,1,0,1,0
"GCTGCGAGTGCCTGCA-1-0",14,8,3,121,9,0,0,0,1,0,0
"GCTGCTTAGAAACGCC-1-0",14,2,2,8,1037,0,1,0,1,0,0
"GCTGCTTAGTCCTCCT-1-0",13,5,2,37,12,0,0,1,0,0,0
"GCTGCTTCAGCTGGCT-1-0",7,4,1,51,5,0,0,0,0,0,0
"GCTGCTTCATGGTTGT-1-0",9,3,2,504,12,1,0,0,1,0,0
"GCTGCTTGTAGTGAAT-1-0",17,44,3,14,7,0,0,0,0,0,0
"GCTGCTTGTGTTAAGA-1-0",15,0,1,6,483,1,1,1,0,1,0
"GCTGCTTTCTCATTCA-1-0",15,3,1,476,19,1,1,0,0,1,0
"GCTGCTTTCTGATACG-1-0",12,5,3,27,27,0,1,1,0,1,0
"GCTGGGTAGATGGCGT-1-0",11,41,1,6,7,2,0,0,0,1,0
"GCTGGGTCACGGACAA-1-0",28,24,4,29,901,3,0,1,1,2,0
"GCTGGGTCATCAGTCA-1-0",21,4,0,142,10,0,1,0,0,0,0
"GCTGGGTCATTGCGGC-1-0",16,9,1,3,8,2,1,0,0,1,0
"GCTGGGTGTCAAAGAT-1-0",22,3,0,192,194,3,0,1,0,1,0
"GCTGGGTTCCGAATGT-1-0",14,4,1,17,7,1,0,0,1,0,0
"GCTTCCATCAATACCG-1-0",11,131,1,9,12,1,1,1,0,2,0
"GCTTCCATCTGGAGCC-1-0",11,5,1,498,15,0,1,0,0,1,0
"GCTTGAAAGCGATAGC-1-0",9,4,1,137,21,1,0,0,0,1,0
"GCTTGAACACGCCAGT-1-0",12,3,2,416,15,2,1,0,0,1,0
"GCTTGAAGTCTAACGT-1-0",10,7,4,456,22,0,0,0,0,1,0
"GCTTGAAGTTGTGGAG-1-0",18,5,1,172,10,1,2,0,1,3,0
"GGAAAGCAGATGTTAG-1-0",10,8,3,524,11,1,1,0,0,1,0
"GGAAAGCAGGAGTTGC-1-0",9,9,1,191,11,1,0,0,1,0,0
"GGAAAGCCATAGGATA-1-0",13,5,2,7,1083,2,0,0,0,0,0
"GGAAAGCTCACGAAGG-1-0",12,5,4,49,18,0,0,0,0,1,0
"GGAAAGCTCCGCGTTT-1-0",9,6,3,11,414,1,1,1,1,1,0
"GGAAAGCTCGAATGGG-1-0",15,26,2,8,89,1,0,1,0,1,0
"GGAACTTAGACTACAA-1-0",13,4,1,126,19,2,0,0,0,0,0
"GGAACTTAGCCCAATT-1-0",11,14,0,16,19,0,0,0,0,0,0
"GGAACTTGTCAAACTC-1-0",14,7,2,214,11,0,1,0,0,0,0
"GGAACTTTCCACGTTC-1-0",10,49,2,9,5,1,1,0,0,1,0
"GGAACTTTCCCATTAT-1-0",12,6,1,108,12,1,1,0,1,1,0
"GGAATAATCAAACCAC-1-0",16,53,1,5,9,3,0,0,0,1,0
"GGACAAGAGGCAATTA-1-0",11,4,1,149,10,6,0,0,0,1,0
"GGACAAGCATGGATGG-1-0",12,229,2,6,10,1,1,0,0,1,1
"GGACAAGGTCAGATAA-1-0",15,165,2,6,11,4,0,1,0,1,0
"GGACAGAAGTCAAGGC-1-0",19,3,2,1962,9,1,0,0,0,1,0
"GGACAGAGTACCGCTG-1-0",18,156,5,10,45,1,1,0,2,1,0
"GGACATTAGCGAAGGG-1-0",13,151,2,7,12,2,0,0,0,0,0
"GGACATTAGTCGATAA-1-0",10,8,1,7,14,1,0,0,0,1,0
"GGACATTCACTCGACG-1-0",34,23,4,15,15,0,1,1,1,2,0
"GGACATTCAGTATCTG-1-0",15,184,2,7,11,2,0,1,1,0,0
"GGACATTCATCCGTGG-1-0",14,2,1,208,11,1,0,1,1,8,0
"GGACATTGTGTGCGTC-1-0",10,2,3,569,10,1,1,0,0,0,0
"GGACATTTCAGCGATT-1-0",9,5,2,185,13,0,0,0,1,0,0
"GGACGTCAGTAGATGT-1-0",16,50,2,7,24,0,0,0,1,0,0
"GGACGTCGTCATGCAT-1-0",22,8,3,325,54,1,0,0,0,2,0
"GGAGCAACAGCCTTTC-1-0",17,336,0,5,23,0,0,1,0,0,0
"GGAGCAACATCGGGTC-1-0",12,4,1,258,11,0,0,0,3,1,0
"GGAGCAATCAGCTCGG-1-0",22,100,2,9,12,0,0,1,1,2,0
"GGATGTTAGAGCTGCA-1-0",14,428,1,5,11,2,1,0,0,1,0
"GGATGTTCAATCTACG-1-0",12,192,1,41,16,3,0,1,0,1,0
"GGATGTTCACAGATTC-1-0",17,5,2,148,18,1,0,1,0,0,0
"GGATGTTCATCACGTA-1-0",18,6,3,37,13,0,0,0,0,1,0
"GGATGTTGTCGTTGTA-1-0",18,27,3,14,19,2,2,0,1,2,0
"GGATTACCAACTGGCC-1-0",12,9,2,112,13,2,2,0,0,1,0
"GGATTACTCAACACCA-1-0",9,97,1,10,11,1,1,0,0,1,0
"GGCAATTGTGTGGTTT-1-0",10,12,3,402,14,2,1,2,0,0,0
"GGCCGATCACCAGTTA-1-0",38,13,2,111,17,2,0,0,0,2,0
"GGCCGATCATCGGACC-1-0",14,5,1,56,16,5,2,0,2,0,0
"GGCCGATGTCTCCCTA-1-0",7,10,2,16,194,2,1,0,0,0,0
"GGCCGATGTGCCTGCA-1-0",16,12,5,76,29,1,1,1,0,1,0
"GGCCGATGTTCCAACA-1-0",14,27,1,12,13,1,0,0,1,0,0
"GGCCGATTCCAAAGTC-1-0",10,3,1,229,12,0,0,0,0,1,0
"GGCCGATTCCTCATTA-1-0",12,76,1,13,10,2,0,0,0,0,0
"GGCGACTAGCAGGTCA-1-0",21,100,2,85,27,2,1,1,2,1,0
"GGCGACTAGGTCATCT-1-0",12,6,2,85,20,1,1,1,0,2,0
"GGCGACTCACGCCAGT-1-0",19,57,2,12,11,1,0,0,2,0,0
"GGCGACTGTGGTAACG-1-0",27,13,4,316,24,5,1,0,0,1,0
"GGCGTGTAGATATACG-1-0",7,3,1,197,19,0,0,0,0,0,0
"GGCGTGTAGTGCCAGA-1-0",4,26,0,2,2,0,0,0,0,0,0
"GGCGTGTGTCTCTTTA-1-0",12,5,2,65,18,2,0,0,0,0,0
"GGCTCGAAGACAGGCT-1-0",9,208,2,18,9,0,1,0,0,2,0
"GGCTCGAAGGACTGGT-1-0",10,104,1,7,13,0,0,0,1,1,0
"GGCTCGACAAAGAATC-1-0",14,8,1,5,14,3,0,0,0,2,0
"GGCTCGACATTCTTAC-1-0",7,13,1,243,14,0,1,0,2,0,0
"GGCTGGTAGCCAGAAC-1-0",23,6,3,86,8,2,0,1,0,0,0
"GGCTGGTCATTTGCTT-1-0",14,27,1,13,10,0,0,0,0,1,0
"GGCTGGTGTGGCCCTA-1-0",16,140,3,11,10,1,0,0,0,1,0
"GGGAATGCAATAGAGT-1-0",16,5,1,280,12,1,0,1,1,1,0
"GGGAATGCAGGGCATA-1-0",9,14,1,94,15,2,1,1,0,1,0
"GGGAATGCATGGGAAC-1-0",9,8,2,3,1114,2,1,1,0,0,0
"GGGAATGGTACAGTTC-1-0",4,117,1,7,8,0,0,1,0,1,0
"GGGAATGGTCGCATAT-1-0",8,8,0,250,17,3,0,1,0,0,0
"GGGAATGGTTAGGGTG-1-0",7,8,3,349,20,0,0,0,0,0,0
"GGGAATGTCCCGACTT-1-0",16,4,2,181,14,4,0,0,0,2,0
"GGGAATGTCTCTGAGA-1-0",16,5,2,155,20,2,1,0,1,1,0
"GGGACCTAGACTCGGA-1-0",14,42,2,8,11,1,0,1,0,1,0
"GGGACCTAGCGCTTAT-1-0",24,10,5,360,19,1,1,1,0,1,1
"GGGACCTCATCACGTA-1-0",8,8,2,397,23,2,1,0,1,0,0
"GGGACCTTCGAATGCT-1-0",12,12,4,159,13,1,1,0,0,1,0
"GGGACCTTCTGCTGTC-1-0",14,5,2,402,10,2,1,0,0,1,0
"GGGAGATAGGGCTTCC-1-0",12,50,5,4,6,1,0,1,0,0,0
"GGGAGATGTACAAGTA-1-0",17,12,1,6,12,1,1,1,0,1,0
"GGGAGATGTACGCTGC-1-0",11,170,4,4,14,1,1,0,3,0,0
"GGGATGAAGCAAATCA-1-0",21,112,1,9,7,1,1,1,1,1,0
"GGGATGACAGGGATTG-1-0",15,14,2,12,3399,2,0,0,0,1,0
"GGGATGATCAGGATCT-1-0",14,9,3,192,8,0,0,0,0,0,1
"GGGATGATCGAATGCT-1-0",13,327,1,4,16,1,0,0,0,1,0
"GGGCACTCAGCTTAAC-1-0",14,101,18,31,13,0,0,1,1,0,0
"GGGCACTCATACCATG-1-0",17,13,1,44,10,0,0,1,0,0,0
"GGGCACTCATAGACTC-1-0",9,39,1,7,21,1,0,1,0,1,0
"GGGCACTGTCGAACAG-1-0",16,5,3,144,18,0,0,0,1,1,0
"GGGCACTGTTCCAACA-1-0",16,4,3,162,6,1,0,0,0,0,0
"GGGCATCAGACTAGAT-1-0",9,125,1,10,12,2,0,0,0,0,0
"GGGCATCAGACTCGGA-1-0",10,17,4,134,15,1,0,0,1,1,0
"GGGCATCAGTATCGAA-1-0",10,7,3,984,16,1,0,1,0,4,0
"GGGCATCTCGAACGGA-1-0",10,5,1,53,12,0,0,1,0,0,0
"GGGTCTGAGTACGATA-1-0",10,71,0,9,16,10,0,0,0,1,0
"GGGTCTGCAATTCCTT-1-0",14,3,3,178,5,8,0,0,2,1,1
"GGGTCTGCAGATGAGC-1-0",11,2,1,250,10,1,0,0,0,3,0
"GGGTCTGGTAACGACG-1-0",13,4,2,86,13,0,0,1,1,2,0
"GGGTCTGGTTACCGAT-1-0",17,16,3,5,9,0,0,0,0,2,0
"GGGTTGCCACGAAATA-1-0",8,53,2,18,16,1,1,0,1,2,0
"GGGTTGCCAGTAACGG-1-0",11,82,1,7,18,0,0,0,0,1,0
"GGGTTGCTCAAGGTAA-1-0",16,2,1,85,9,0,1,1,0,0,0
"GGTATTGAGGAGTCTG-1-0",14,1,3,57,18,1,0,0,0,0,0
"GGTATTGCAACCGCCA-1-0",9,11,2,256,18,8,0,1,0,1,0
"GGTATTGGTCCGAACC-1-0",24,124,2,12,21,1,1,0,1,0,0
"GGTATTGTCAAAGTAG-1-0",14,4,1,404,21,0,1,0,0,1,0
"GGTATTGTCCTCATTA-1-0",12,75,2,7,10,4,2,1,0,1,0
"GGTGAAGAGCGTGAAC-1-0",11,65,1,8,10,0,0,0,0,0,0
"GGTGAAGCAAAGTCAA-1-0",8,6,2,4,7,2,0,0,0,1,0
"GGTGAAGCACCATCCT-1-0",13,20,2,6,15,1,0,0,0,2,0
"GGTGAAGCATTGGTAC-1-0",11,6,3,168,20,1,0,0,0,1,0
"GGTGAAGGTAAGTAGT-1-0",6,5,2,183,13,0,0,0,1,0,0
"GGTGAAGGTCGACTGC-1-0",15,46,3,10,16,1,1,0,1,0,0
"GGTGAAGGTGCACTTA-1-0",10,33,0,34,15,1,1,0,0,1,1
"GGTGCGTAGAACTGTA-1-0",11,3,2,188,6,0,1,0,0,0,0
"GGTGCGTAGTACGTAA-1-0",12,30,2,4,13,1,1,1,0,1,0
"GGTGCGTCAAGTTAAG-1-0",17,4,2,9,11,15,0,0,1,0,0
"GGTGCGTGTCCGAAGA-1-0",8,126,3,4,11,1,0,0,0,1,0
"GGTGCGTGTCGGGTCT-1-0",31,9,7,113,38,4,2,0,0,2,0
"GGTGCGTGTTACGACT-1-0",7,33,2,7,18,1,0,0,0,0,0
"GGTGCGTTCAATCACG-1-0",11,5,2,132,11,2,0,1,0,1,0
"GGTGCGTTCGTTACAG-1-0",30,6,2,705,13,3,1,1,0,2,0
"GGTGCGTTCGTTTGCC-1-0",12,5,1,261,14,0,0,1,0,1,0
"GGTGTTAAGGAGTAGA-1-0",7,73,2,21,11,0,0,0,0,0,0
"GGTGTTAAGTCAAGCG-1-0",10,9,3,154,12,1,0,1,0,1,1
"GGTGTTATCCTAGTGA-1-0",23,4,0,364,7,0,0,0,0,1,0
"GGTGTTATCTCTGAGA-1-0",14,3,1,806,821,1,0,1,0,0,0
"GTAACGTAGAGCTGGT-1-0",20,173,4,55,14,1,2,2,1,3,0
"GTAACGTCACGCCAGT-1-0",11,53,1,9,13,2,0,1,0,0,1
"GTAACGTCAGTTAACC-1-0",11,10,3,10,9,1,1,0,0,0,0
"GTAACGTCATGCGCAC-1-0",17,5,1,183,38,2,1,0,0,0,0
"GTAACGTCATTGGTAC-1-0",6,182,1,7,8,1,0,0,0,1,0
"GTAACGTTCGTTACGA-1-0",16,358,2,4,16,0,0,0,0,0,0
"GTAACTGAGGACATTA-1-0",17,4,3,395,12,9,0,2,0,1,1
"GTAACTGAGTGGTAGC-1-0",32,11,5,170,17,1,1,1,0,2,1
"GTAACTGGTTGCGTTA-1-0",7,5,2,208,9,0,0,0,0,1,0
"GTAACTGTCACCATAG-1-0",18,73,3,6,9,1,0,1,0,0,0
"GTACGTAAGGATGCGT-1-0",25,10,3,32,16,1,0,1,0,0,0
"GTACGTACAATACGCT-1-0",19,15,3,9,12,0,1,0,0,0,0
"GTACGTAGTTTGACTG-1-0",26,37,1,5,14,0,0,0,1,1,0
"GTACGTATCACATAGC-1-0",6,9,3,6,11,4,0,0,0,0,1
"GTACGTATCATCTGTT-1-0",9,4,2,384,35,1,1,1,0,1,0
"GTACTCCGTCAAAGAT-1-0",8,5,2,258,14,0,0,0,0,1,0
"GTACTCCGTCAGAATA-1-0",11,5,2,7,19,0,0,0,0,1,0
"GTACTTTAGAAACCTA-1-0",8,2,4,558,10,1,0,0,0,1,0
"GTACTTTTCATTGCGA-1-0",9,6,1,9,15,9,0,0,0,0,0
"GTACTTTTCCGTAGTA-1-0",9,5,3,6,557,1,1,0,0,0,0
"GTAGGCCCATCCCATC-1-0",15,104,1,4,13,1,0,0,0,0,0
"GTAGTCAAGATGTCGG-1-0",7,5,2,12,546,1,0,0,0,1,0
"GTAGTCAAGGATGGAA-1-0",9,130,2,5,11,1,1,1,0,1,0
"GTATCTTAGAATGTTG-1-0",9,93,1,5,15,0,1,0,0,1,0
"GTATCTTAGCCCTAAT-1-0",10,52,2,12,10,1,0,2,1,1,0
"GTATCTTGTCTGGTCG-1-0",29,17,1,9,20,2,1,1,1,0,0
"GTATTCTCAAAGTCAA-1-0",18,7,2,176,25,2,1,1,1,3,0
"GTCAAGTAGTGGAGAA-1-0",10,7,2,103,6,1,0,0,0,0,0
"GTCAAGTCACTAAGTC-1-0",17,35,3,4,8,0,0,1,0,0,0
"GTCAAGTCAGACGCTC-1-0",13,97,1,6,12,2,1,0,0,1,0
"GTCAAGTTCTATCGCC-1-0",6,4,5,358,8,3,1,0,0,1,0
"GTCACAACAGGTCTCG-1-0",12,5,1,187,9,1,0,0,1,0,0
"GTCACAACATGGGACA-1-0",19,8,3,66,37,6,1,1,0,2,0
"GTCACAAGTAAACACA-1-0",14,3,4,96,12,0,1,1,0,1,0
"GTCACAAGTCGCATAT-1-0",6,6,2,9,12,1,1,0,1,1,0
"GTCACAATCGTCGTTC-1-0",9,5,2,93,7,2,0,0,0,0,0
"GTCACAATCTCTAGGA-1-0",15,5,2,536,9,1,1,2,0,0,1
"GTCACGGAGTAGTGCG-1-0",8,4,3,7,10,2,0,0,0,0,0
"GTCATTTGTACAGTGG-1-0",20,20,2,7,9,1,1,0,0,1,0
"GTCATTTGTAGCCTAT-1-0",109,78,3,11,21,1,0,0,1,0,0
"GTCATTTGTCGTTGTA-1-0",16,4,3,594,29,0,0,0,0,1,0
"GTCCTCAAGACTGTAA-1-0",13,8,2,6,621,3,0,0,0,2,0
"GTCCTCACAAACTGTC-1-0",12,353,3,13,9,1,1,1,0,1,0
"GTCCTCAGTAAGAGAG-1-0",9,5,0,238,6,1,1,0,0,1,0
"GTCCTCATCTTGACGA-1-0",17,5,2,124,13,2,1,0,1,0,0
"GTCGGGTCAATACGCT-1-0",10,75,3,3,10,2,0,0,0,1,0
"GTCGGGTCAGGTCCAC-1-0",10,15,1,491,11,2,0,1,0,1,1
"GTCGGGTGTTTGGGCC-1-0",18,10,2,170,12,1,1,39,0,1,159
"GTCGTAAAGCGTTCCG-1-0",163,548,1,6,19,0,1,0,1,0,0
"GTCGTAAGTCCCTTGT-1-0",16,1,1,39,6,3,0,0,0,0,0
"GTCGTAAGTCCGAACC-1-0",13,2,2,77,12,1,0,0,1,1,0
"GTCGTAAGTCGCATAT-1-0",14,9,3,5,12,11,0,0,1,1,0
"GTCGTAAGTCTGGAGA-1-0",9,4,3,10,16,35,0,0,1,0,0
"GTCTCGTAGCAGCGTA-1-0",14,3,2,118,6,0,1,1,0,0,0
"GTCTCGTAGGGAGTAA-1-0",8,1,2,187,15,0,0,0,1,0,0
"GTCTCGTCAAGCCATT-1-0",7,79,2,6,10,0,1,0,1,0,0
"GTCTTCGAGACTAGGC-1-0",19,99,4,49,28,3,5,2,0,1,0
"GTCTTCGAGTGTGAAT-1-0",12,22,3,7,13,1,1,0,0,1,0
"GTCTTCGCAAGCGAGT-1-0",13,36,3,7,12,0,1,1,0,1,0
"GTCTTCGCACATCCAA-1-0",12,49,3,4,15,1,0,1,1,0,0
"GTCTTCGTCAGCATGT-1-0",175,4,2,72,11,2,0,1,0,0,0
"GTCTTCGTCATCGATG-1-0",13,14,3,646,15,1,1,0,0,2,0
"GTCTTCGTCCAGTAGT-1-0",9,3,4,548,9,3,0,0,0,0,1
"GTCTTCGTCCTAGGGC-1-0",12,5,2,339,15,0,0,1,0,1,0
"GTGAAGGAGCTAGGCA-1-0",12,259,2,17,16,1,1,0,0,1,0
"GTGAAGGAGTGAACGC-1-0",10,63,1,6,12,0,0,1,0,0,0
"GTGAAGGTCCTGCCAT-1-0",14,112,4,23,11,0,2,0,0,1,0
"GTGAAGGTCTTAGAGC-1-0",10,4,2,545,12,2,1,0,0,1,1
"GTGCAGCGTCCATCCT-1-0",10,1,3,5,334,1,0,0,0,0,0
"GTGCAGCGTTGACGTT-1-0",21,6,2,7,719,1,1,0,0,1,0
"GTGCATAAGGACAGAA-1-0",32,7,3,200,19,5,2,4,2,0,0
"GTGCATAAGGAGTAGA-1-0",9,5,2,93,21,0,0,0,0,0,0
"GTGCATACACATGGGA-1-0",8,49,0,4,5,1,0,0,0,1,0
"GTGCATACATACAGCT-1-0",17,340,4,6,9,1,0,0,2,2,0
"GTGCATAGTGGTACAG-1-0",7,4,3,57,12,2,1,0,1,1,0
"GTGCATAGTTAAAGTG-1-0",15,5,0,422,10,1,0,1,0,1,1
"GTGCGGTAGTGTGAAT-1-0",16,4,1,416,16,0,0,0,0,1,1
"GTGCGGTTCTACTATC-1-0",14,4,3,63,22,1,0,0,0,0,0
"GTGCTTCTCCCAACGG-1-0",11,6,2,7,730,1,0,0,0,0,0
"GTGCTTCTCTAACTTC-1-0",9,690,1,8,26,1,2,1,1,1,0
"GTGGGTCAGACACGAC-1-0",21,4,2,139,11,0,1,0,0,2,0
"GTGGGTCAGGACATTA-1-0",10,19,2,11,3,1,4,0,0,1,0
"GTGGGTCCATTCCTGC-1-0",8,17,1,5,12,1,0,1,0,1,0
"GTGTGCGAGAAACCTA-1-0",557,7,1,8,491,0,0,0,2,0,0
"GTGTGCGCATTTCAGG-1-0",12,77,5,12,8,0,0,1,0,0,0
"GTGTGCGTCACGGTTA-1-0",9,6,3,26,12,3,0,0,0,0,1
"GTGTTAGAGTTTAGGA-1-0",14,2,1,147,9,0,0,1,1,1,0
"GTGTTAGGTTCATGGT-1-0",9,7,2,136,9,1,0,1,0,0,1
"GTGTTAGGTTCGCGAC-1-0",15,46,2,5,16,1,0,0,0,0,0
"GTTAAGCAGAGATGAG-1-0",16,230,2,13,15,0,0,0,0,2,0
"GTTAAGCGTACAGACG-1-0",14,6,1,141,24,0,0,0,1,1,0
"GTTACAGAGAAGATTC-1-0",15,28,1,8,7,0,1,0,0,2,0
"GTTACAGAGGATGCGT-1-0",28,380,3,16,27,3,1,1,1,0,0
"GTTACAGCACGGTAGA-1-0",12,5,2,292,75,0,0,0,1,1,0
"GTTACAGCAGATCTGT-1-0",6,117,4,11,14,0,0,1,0,0,0
"GTTACAGGTCGACTAT-1-0",12,56,2,4,8,0,0,0,1,0,0
"GTTCATTAGCTAACAA-1-0",11,4,1,167,11,1,0,1,0,2,0
"GTTCATTGTGCTAGCC-1-0",43,7,2,11,429,1,1,0,1,1,0
"GTTCATTTCAGGTTCA-1-0",7,34,2,12,12,1,0,1,0,2,0
"GTTCATTTCTGCGACG-1-0",10,381,2,6,8,0,3,1,0,0,0
"GTTCGGGCACTCAGGC-1-0",15,33,2,13,9,0,1,1,0,0,1
"GTTCGGGCACTTAACG-1-0",17,6,2,5,18,75,0,0,0,1,0
"GTTCTCGAGAAACCTA-1-0",15,7,2,5,406,1,0,1,1,0,0
"GTTCTCGGTCTTCAAG-1-0",15,30,0,10,8,1,0,0,0,3,0
"GTTCTCGTCCGTACAA-1-0",21,3,1,246,13,0,0,0,0,1,0
"TAAACCGCAGACGCAA-1-0",42,39,6,22,40,6,0,1,1,7,0
"TAAACCGCAGATCTGT-1-0",21,275,2,7,16,1,9,0,1,2,0
"TAAACCGCAGTTCCCT-1-0",12,140,2,22,24,1,0,0,0,1,1
"TAAACCGCATTATCTC-1-0",17,4,1,13,570,2,1,1,0,0,0
"TAAACCGGTCTCATCC-1-0",7,5,8,130,14,2,0,1,0,3,0
"TAAACCGTCCTATGTT-1-0",16,3,3,144,12,1,1,1,0,0,0
"TAAGAGAAGCCCAGCT-1-0",16,5,2,127,14,1,0,0,1,0,0
"TAAGAGAAGGAATCGC-1-0",15,5,1,226,9,0,1,0,1,1,0
"TAAGAGAGTACCGCTG-1-0",4,5,1,5,41,139,0,0,0,1,0
"TAAGCGTCATCCTAGA-1-0",11,16,3,6,19,0,1,0,1,1,0
"TAAGCGTGTTCACGGC-1-0",11,4,2,339,8,2,2,0,0,0,1
"TAAGCGTTCCATGAAC-1-0",19,160,2,28,26,3,1,0,2,2,0
"TAAGTGCGTCTCTCTG-1-0",15,4,1,311,10,0,0,0,0,0,0
"TAAGTGCGTGACTCAT-1-0",27,8,2,173,50,3,0,0,0,3,0
"TACACGAAGACAGACC-1-0",17,4,1,13,152,1,0,0,1,1,0
"TACACGAAGCGACGTA-1-0",14,147,17,4,11,2,0,1,0,1,0
"TACACGAAGGCATGGT-1-0",13,4,2,116,10,1,1,1,0,1,0
"TACACGAAGTCCATAC-1-0",12,7,3,664,15,1,0,0,0,1,0
"TACACGAGTCTGGAGA-1-0",16,5,1,1298,7,2,1,0,1,1,0
"TACACGATCCCGGATG-1-0",16,7,2,178,39,1,2,0,0,1,0
"TACAGTGAGGGAAACA-1-0",5,238,1,6,10,0,0,1,0,2,0
"TACAGTGCATCCTTGC-1-0",18,14,2,308,25,3,1,1,7,0,0
"TACAGTGGTTCGTCTC-1-0",15,3,3,190,16,0,1,1,0,1,0
"TACCTATAGAGACTTA-1-0",13,242,2,5,15,1,0,0,0,1,0
"TACCTATTCTTCGGTC-1-0",15,17,2,316,26,1,0,0,1,1,0
"TACCTTAAGAGCTATA-1-0",13,13,2,27,3334,2,0,2,1,1,0
"TACCTTAGTCACACGC-1-0",13,9,5,355,18,3,0,2,1,1,0
"TACCTTAGTCTTCAAG-1-0",298,64,1,5,11,1,0,0,0,1,0
"TACCTTATCCAGTAGT-1-0",16,7,2,94,10,1,1,1,1,1,0
"TACCTTATCCTAGTGA-1-0",21,57,2,5,12,1,1,0,0,0,0
"TACGGATAGAGACTAT-1-0",32,9,5,146,34,1,2,0,0,2,0
"TACGGATAGGTTCCTA-1-0",10,8,23,609,22,1,0,0,0,1,0
"TACGGATCATCGTCGG-1-0",13,5,1,47,402,3,0,0,1,1,0
"TACGGATTCCTTTCGG-1-0",31,7,2,81,11,1,2,0,0,1,0
"TACGGGCAGACAGGCT-1-0",16,270,4,9,11,1,0,0,0,0,0
"TACGGGCAGAGTCGGT-1-0",6,82,2,6,20,3,5,0,1,0,0
"TACGGGCAGCCACGCT-1-0",11,8,2,82,11,0,1,1,0,0,0
"TACGGGCGTTGCTCCT-1-0",20,9,6,129,25,2,2,0,0,2,0
"TACGGTACAACACCTA-1-0",29,21,5,189,28,1,1,1,0,2,1
"TACGGTACAATACGCT-1-0",13,3,3,266,39,2,0,3,1,1,0
"TACGGTAGTCCGAATT-1-0",26,79,2,3,18,3,0,0,1,0,0
"TACGGTAGTGTTGGGA-1-0",11,5,1,142,17,2,1,0,2,1,0
"TACGGTATCTAAGCCA-1-0",12,12,1,6,14,1,0,0,0,0,0
"TACTCATCAGAAGCAC-1-0",10,5,2,774,12,0,0,0,0,0,0
"TACTCGCGTAAACGCG-1-0",11,5,1,133,14,2,2,1,0,1,1
"TACTCGCGTACTTAGC-1-0",17,6,3,534,24,2,0,1,0,1,0
"TACTCGCTCGGATGGA-1-0",12,544,1,7,11,1,0,1,0,2,0
"TACTCGCTCTAACTGG-1-0",74,4,1,23,11,27,1,0,0,1,0
"TACTTACGTGTGACGA-1-0",10,4,2,320,11,2,1,1,0,1,0
"TACTTACGTTCGAATC-1-0",19,5,2,299,11,1,0,0,1,2,0
"TACTTGTCAAGCCATT-1-0",14,9,4,375,11,2,1,1,0,1,0
"TACTTGTTCCCAACGG-1-0",13,2,1,242,14,0,1,0,0,0,0
"TACTTGTTCGAATCCA-1-0",8,217,2,7,9,0,0,0,0,1,0
"TAGACCATCTGTACGA-1-0",17,4,2,126,22,2,0,0,0,1,0
"TAGAGCTAGACAAGCC-1-0",11,9,3,8,666,3,0,2,0,1,0
"TAGAGCTCAGACAAGC-1-0",13,9,2,15,68,0,0,1,0,2,0
"TAGAGCTGTATATCCG-1-0",9,10,3,8,10,1,0,0,0,1,1
"TAGAGCTGTTTGTGTG-1-0",10,523,2,7,9,1,1,0,0,0,1
"TAGAGCTTCGAGGTAG-1-0",10,6,1,310,11,1,1,1,0,0,0
"TAGCCGGAGACAATAC-1-0",13,7,4,90,14,7,0,0,1,1,0
"TAGCCGGCACCGAAAG-1-0",9,8,0,17,9,1,0,0,0,1,0
"TAGCCGGCACGAGAGT-1-0",12,13,2,430,10,1,2,0,0,1,0
"TAGCCGGCATCACCCT-1-0",16,17,3,143,14,1,0,0,0,0,0
"TAGCCGGCATGCTGGC-1-0",7,18,2,6,102,0,0,1,0,2,0
"TAGCCGGGTGTGAATA-1-0",11,4,19,250,13,0,0,0,0,0,0
"TAGCCGGTCGAATGGG-1-0",15,9,0,144,9,1,0,0,0,0,0
"TAGGCATAGAGTAAGG-1-0",18,162,2,6,17,0,0,0,1,1,0
"TAGGCATCACATTTCT-1-0",12,3,3,2,7,0,0,2,1,0,0
"TAGGCATGTGTCCTCT-1-0",12,45,2,5,17,0,1,0,0,0,0
"TAGGCATTCAATCACG-1-0",33,14,2,105,29,1,2,0,0,3,0
"TAGGCATTCCGAAGAG-1-0",14,19,0,883,21,2,0,1,0,1,0
"TAGTGGTAGTCTTGCA-1-0",8,48,2,11,11,1,1,1,0,1,0
"TAGTGGTAGTGCTGCC-1-0",27,15,4,406,38,1,2,0,0,2,0
"TAGTGGTCACCCAGTG-1-0",13,13,2,10,239,0,1,0,1,1,0
"TAGTGGTCACTTCTGC-1-0",7,22,2,6,15,1,0,0,1,0,0
"TAGTGGTCATCACCCT-1-0",24,9,2,17,536,4,0,0,2,1,0
"TAGTGGTGTAAATGTG-1-0",18,5,1,102,17,0,1,0,0,0,0
"TAGTGGTGTAACGACG-1-0",10,37,1,4,10,0,0,1,0,1,0
"TAGTGGTGTATTCGTG-1-0",15,2,2,1354,19,1,1,0,0,2,0
"TAGTGGTGTCGCTTCT-1-0",29,7,4,291,248,2,1,1,2,2,0
"TAGTGGTGTTACTGAC-1-0",15,3,3,130,26,1,0,1,0,2,0
"TAGTGGTTCCAAACAC-1-0",12,19,1,4,10,0,0,0,0,0,0
"TAGTTGGAGAACAATC-1-0",17,55,1,9,14,0,1,0,0,0,0
"TAGTTGGAGAGCTTCT-1-0",12,6,2,84,20,0,1,1,0,1,0
"TAGTTGGCAACTGCGC-1-0",11,2,2,410,18,1,0,1,0,0,0
"TAGTTGGGTTTAGGAA-1-0",10,3,1,251,6,0,1,0,1,1,1
"TAGTTGGTCACGGTTA-1-0",12,47,2,13,8,4,2,0,0,0,0
"TAGTTGGTCGTTGCCT-1-0",20,11,4,331,20,2,0,0,2,1,0
"TATCAGGCAACGATCT-1-0",13,2,3,314,12,0,0,0,0,1,0
"TATCAGGGTTCGTGAT-1-0",25,11,4,155,102,0,2,0,0,2,2
"TATCTCAAGCCAGTTT-1-0",16,3,4,283,13,0,0,0,0,1,0
"TATCTCAAGGATGGAA-1-0",11,5,2,89,11,1,2,0,0,1,0
"TATCTCACAGCTGTTA-1-0",19,7,0,7,13,2,0,0,0,1,0
"TATCTCAGTGCAGACA-1-0",11,8,2,77,16,2,1,1,6,2,1
"TATCTCATCTTCTGGC-1-0",14,7,10,187,11,1,1,0,0,1,0
"TATGCCCAGAGTGACC-1-0",12,5,2,142,7,1,0,0,1,0,0
"TATGCCCCAAGCCATT-1-0",21,70,4,6,17,0,0,1,0,2,0
"TATGCCCGTAGCCTCG-1-0",25,6,3,90,27,9,0,1,1,2,0
"TATGCCCGTAGGCATG-1-0",7,19,0,131,5,1,0,0,0,0,0
"TATGCCCGTTCCAACA-1-0",24,1065,0,17,83,2,1,1,0,0,0
"TATTACCCAGTACACT-1-0",14,25,2,9,11,1,1,0,0,0,0
"TATTACCCATCACAAC-1-0",9,71,2,9,9,1,0,1,0,2,0
"TATTACCGTAGAGCTG-1-0",7,3,2,64,16,1,0,1,0,1,0
"TATTACCTCATCACCC-1-0",8,12,1,3,11,1,1,0,0,1,0
"TATTACCTCTGCCCTA-1-0",11,8,3,3,10,1,0,0,0,0,0
"TCAACGAAGTGGTCCC-1-0",15,5,1,286,9,2,1,0,0,0,1
"TCAACGACATTGGTAC-1-0",15,3,2,162,13,2,0,0,0,1,7
"TCAACGATCCTGCAGG-1-0",9,11,2,7,244,1,0,0,0,0,0
"TCAACGATCTTGAGGT-1-0",8,15,0,5,7,2,0,0,7,1,0
"TCAATCTTCACCAGGC-1-0",10,6,1,260,9,1,1,1,0,1,1
"TCAATCTTCATCTGTT-1-0",10,4,3,3,22,3,1,1,0,1,0
"TCACAAGAGCGATAGC-1-0",15,32,4,7,10,2,1,1,0,1,0
"TCACAAGCACGCTTTC-1-0",16,4,3,138,14,0,0,1,0,0,0
"TCACGAAAGCGGCTTC-1-0",15,42,1,7,16,1,0,0,0,3,0
"TCACGAAAGGAGTACC-1-0",10,79,1,7,2,0,0,0,0,0,0
"TCACGAAAGTTGTCGT-1-0",11,8,2,105,14,5,0,0,0,2,0
"TCACGAACATCCGCGA-1-0",15,10,1,4,26,2,0,0,0,0,0
"TCACGAAGTACAGTTC-1-0",14,5,4,446,21,1,0,1,0,0,0
"TCACGAAGTTGTGGCC-1-0",15,4,3,7,557,7,0,1,1,3,0
"TCACGAATCTAACTGG-1-0",119,2,4,121,12,1,0,2,1,1,0
"TCACGAATCTGATTCT-1-0",12,14,4,16,14,43,2,0,0,1,0
"TCAGATGAGCCACGCT-1-0",21,7,3,115,12,2,0,0,1,1,0
"TCAGATGAGTTTCCTT-1-0",10,56,4,6,12,1,0,0,0,1,0
"TCAGATGGTGCTCTTC-1-0",7,76,1,18,23,0,6,1,0,0,0
"TCAGATGTCCGCAAGC-1-0",17,442,2,11,21,1,1,1,1,0,0
"TCAGCAAAGTCAAGCG-1-0",11,367,1,6,14,1,0,0,0,1,0
"TCAGCAAGTGGTTTCA-1-0",15,4,2,179,16,0,1,0,0,0,0
"TCAGCAAGTTCAGTAC-1-0",13,143,1,32,108,1,1,0,0,0,0
"TCAGCAATCTCGCTTG-1-0",11,5,0,197,14,0,2,0,1,3,0
"TCAGCTCAGTTAACGA-1-0",15,44,6,10,24,1,0,1,0,1,0
"TCAGCTCGTTCGCTAA-1-0",12,3,2,260,28,1,1,0,0,0,0
"TCAGGATAGCTCCCAG-1-0",18,11,3,118,22,3,3,0,2,2,0
"TCAGGATAGCTGTCTA-1-0",11,4,1,429,13,2,0,0,0,0,0
"TCAGGATCAGCCACCA-1-0",25,8,5,49,20,2,0,0,0,5,0
"TCAGGATGTCCATGAT-1-0",8,3,1,164,17,2,0,0,0,1,0
"TCAGGATTCCCAAGAT-1-0",14,76,1,5,10,1,0,1,0,1,0
"TCAGGTAAGCGATATA-1-0",9,5,2,29,30,2,2,0,0,0,0
"TCAGGTAGTCAAAGAT-1-0",31,11,1,6,7,0,0,0,1,0,0
"TCAGGTATCCCGGATG-1-0",10,129,3,10,9,1,0,0,1,0,1
"TCAGGTATCTAACGGT-1-0",12,228,1,9,12,1,0,0,0,1,1
"TCATTACAGAGAGCTC-1-0",15,259,1,10,9,0,0,0,0,2,0
"TCATTACTCACGACTA-1-0",14,2,2,112,12,1,0,0,2,1,0
"TCATTTGAGATGCCTT-1-0",13,3,1,1225,16,2,1,0,0,2,1
"TCATTTGAGGAGTTGC-1-0",9,5,1,76,17,1,1,0,1,0,0
"TCATTTGCAGAGCCAA-1-0",12,4,1,162,7,1,1,1,1,0,0
"TCATTTGGTGTCGCTG-1-0",16,5,1,262,9,0,12,1,0,1,0
"TCATTTGTCACCGGGT-1-0",11,5,2,4,570,2,1,0,0,0,0
"TCCACACGTTAAAGTG-1-0",12,9,2,132,10,0,0,1,1,1,0
"TCCCGATAGCTCTCGG-1-0",13,8,1,7,3,25,1,1,0,0,0
"TCCCGATCAATCTACG-1-0",6,3,2,2,184,1,0,0,0,0,0
"TCCCGATCACATCCGG-1-0",18,4,2,513,13,0,0,0,1,0,0
"TCCCGATCAGGGTACA-1-0",12,29,3,7,10,2,1,0,0,0,0
"TCCCGATCATCCCATC-1-0",16,125,3,7,10,1,0,1,0,2,0
"TCCCGATGTGGACGAT-1-0",14,7,4,11,12,87,0,0,1,2,0
"TCCCGATGTTCTGTTT-1-0",13,6,3,103,14,0,0,0,0,2,0
"TCGAGGCAGTTATCGC-1-0",14,6,1,184,8,1,1,0,1,1,0
"TCGAGGCCATGCCTAA-1-0",8,3,0,780,15,2,0,1,0,1,0
"TCGCGAGAGTGCGTGA-1-0",16,9,1,9,3027,1,0,0,1,2,0
"TCGCGAGCAACACCTA-1-0",7,4,1,145,10,1,0,1,0,0,0
"TCGCGAGCACGAAACG-1-0",11,7,1,20,40,0,0,1,0,2,0
"TCGCGAGGTGGGTCAA-1-0",12,597,1,10,12,0,0,1,1,1,0
"TCGCGAGTCCGTCAAA-1-0",16,6,3,397,12,3,0,0,0,1,1
"TCGCGTTAGGAGTTTA-1-0",11,183,1,5,13,1,0,0,0,2,2
"TCGCGTTCAAATCCGT-1-0",17,5,2,81,18,2,0,1,0,1,0
"TCGCGTTCAATGGTCT-1-0",16,155,2,9,23,0,1,0,1,1,0
"TCGCGTTTCCAGAAGG-1-0",16,3,1,7,15,205,2,1,0,0,1
"TCGCGTTTCGGAATCT-1-0",13,4,2,5,12,1,1,1,0,0,0
"TCGGGACAGTAGATGT-1-0",9,17,2,8,13,3,2,1,2,1,0
"TCGGGACGTGCGGTAA-1-0",14,61,1,7,10,1,0,0,1,1,0
"TCGGGACTCTGCGACG-1-0",14,5,1,80,9,0,0,0,0,0,0
"TCGGTAAAGAACTGTA-1-0",10,3,1,62,6,1,1,0,0,1,0
"TCGGTAAAGATGCGAC-1-0",19,201,2,4,15,1,0,0,1,1,0
"TCGGTAAAGCTGTCTA-1-0",24,5,2,352,22,1,0,0,0,0,0
"TCGGTAAAGTACGCCC-1-0",11,11,1,677,21,1,1,1,0,1,0
"TCGGTAAAGTACTTGC-1-0",13,5,3,223,14,1,10,0,1,1,0
"TCGGTAAGTAGAAAGG-1-0",12,7,1,34,13,1,1,1,1,1,0
"TCGGTAAGTCAGTGGA-1-0",95,24,4,189,21,2,1,0,0,2,0
"TCGTACCGTGACGCCT-1-0",10,6,1,4,720,0,0,0,0,1,0
"TCGTACCTCGTTGACA-1-0",10,5,2,369,41,1,0,0,0,2,1
"TCGTAGAAGATCGATA-1-0",14,9,1,10,271,1,1,0,0,1,0
"TCGTAGACACAGAGGT-1-0",9,21,1,3,19,2,0,0,0,0,0
"TCGTAGACATTACCTT-1-0",29,148,4,15,22,3,0,0,1,2,0
"TCGTAGATCTGCTGCT-1-0",14,5,3,737,36,1,1,0,0,1,0
"TCTATTGAGACTTGAA-1-0",7,149,2,7,11,0,0,0,0,2,0
"TCTATTGCATCGATGT-1-0",9,13,1,3,12,0,0,0,1,0,0
"TCTATTGCATCTCGCT-1-0",9,19,2,8,10,0,0,0,0,1,0
"TCTATTGGTCTTCTCG-1-0",11,6,2,8,13,85,0,1,0,0,0
"TCTATTGTCTTGCCGT-1-0",32,8,6,21,483,1,0,0,1,1,1
"TCTCATAGTGAGTATA-1-0",16,7,1,751,9,1,0,0,0,0,6
"TCTCATAGTTGATTCG-1-0",11,3,1,74,12,0,0,0,0,2,0
"TCTCTAACAACACCCG-1-0",9,142,2,48,19,0,0,0,0,1,0
"TCTCTAACAGTACACT-1-0",26,479,5,11,36,1,1,1,2,2,0
"TCTCTAAGTGCAACGA-1-0",21,23,1,6,24,0,1,0,1,1,0
"TCTCTAATCAAACCAC-1-0",16,11,2,9,9,0,1,0,1,1,0
"TCTGAGAAGACTTGAA-1-0",11,22,1,2,5,1,0,0,1,0,0
"TCTGAGAAGAGTCTGG-1-0",13,3,0,234,16,0,0,0,0,1,0
"TCTGAGACAGCTCGAC-1-0",55,5,1,137,11,1,1,1,0,2,0
"TCTGAGACATTTGCCC-1-0",16,119,3,7,7,0,0,0,0,0,0
"TCTGAGAGTACGACCC-1-0",13,8,1,11,101,2,0,0,0,1,0
"TCTGAGATCAGCTGGC-1-0",10,36,1,8,5,1,0,0,2,1,0
"TCTGGAAAGAGGTAGA-1-0",6,235,3,13,9,1,0,0,0,0,0
"TCTGGAAAGGGCACTA-1-0",13,65,1,11,15,1,1,0,0,0,0
"TCTGGAAAGTCGTACT-1-0",13,10,1,340,7,1,0,1,0,1,0
"TCTGGAACAGATGGCA-1-0",18,10,2,11,10,1,1,0,2,0,0
"TCTGGAACATGTCTCC-1-0",10,5,3,68,18,0,0,0,0,1,1
"TCTTCGGCACAGATTC-1-0",11,5,0,90,10,1,1,0,0,1,2
"TCTTCGGCAGCTTAAC-1-0",13,6,0,8,12,1,4,0,1,0,0
"TCTTCGGGTTCCACAA-1-0",9,135,3,6,11,0,0,0,0,0,0
"TCTTCGGTCAGGCCCA-1-0",13,9,2,31,828,1,1,0,1,0,0
"TCTTCGGTCATGCATG-1-0",10,112,2,26,13,1,0,0,0,0,0
"TCTTTCCCACTGTGTA-1-0",13,3,2,227,30,1,0,0,0,1,0
"TCTTTCCGTCCTCCAT-1-0",19,14,1,6,12,0,0,0,1,1,1
"TCTTTCCGTGATGCCC-1-0",15,2,1,85,11,2,1,0,0,0,0
"TGAAAGACAGTCTTCC-1-0",24,87,6,8,31,1,1,0,1,1,0
"TGAAAGACATGTTGAC-1-0",22,4,2,72,12,2,0,0,1,2,0
"TGAAAGAGTGTCTGAT-1-0",13,56,1,8,10,2,0,1,0,2,0
"TGAAAGAGTTCCATGA-1-0",13,204,3,6,20,1,0,1,0,0,0
"TGAAAGATCGAATCCA-1-0",28,11,4,149,19,2,1,1,0,2,0
"TGACAACAGTCCCACG-1-0",11,5,3,203,10,1,0,0,0,1,0
"TGACAACGTACGCTGC-1-0",13,7,3,171,9,1,1,0,1,2,0
"TGACAACGTATTCTCT-1-0",19,118,3,6,19,1,0,0,0,1,0
"TGACAACGTCATATCG-1-0",14,6,2,5,51,1,0,0,0,0,0
"TGACAACGTTCTGTTT-1-0",9,9,3,114,20,1,0,0,1,0,0
"TGACAACGTTGTACAC-1-0",9,71,2,4,25,1,1,2,0,1,0
"TGACGGCAGCGCTCCA-1-0",13,69,3,10,36,1,0,0,0,2,0
"TGACGGCCAGGATCGA-1-0",16,8,1,30,15,1,0,1,1,0,0
"TGACGGCGTAGCCTCG-1-0",9,6,3,120,15,0,1,0,0,1,0
"TGACTAGAGTGTCCAT-1-0",13,62,1,36,14,1,0,0,0,1,0
"TGACTAGCAGGAATCG-1-0",9,2,1,57,32,2,0,1,0,0,0
"TGACTAGCATCACAAC-1-0",15,4,1,7,12,73,0,1,0,0,0
"TGACTAGTCAGCGACC-1-0",13,11,1,7,18,65,2,1,0,2,0
"TGACTAGTCTGTTTGT-1-0",13,8,2,10,18,11,0,0,0,0,1
"TGACTTTTCAAGAAGT-1-0",10,9,1,103,34,0,1,0,0,1,0
"TGACTTTTCAGGTTCA-1-0",5,3,0,145,6,0,0,0,0,1,0
"TGAGAGGAGAGGTTGC-1-0",19,3,4,514,20,1,0,1,1,1,0
"TGAGAGGAGTAGCGGT-1-0",9,3,3,7,11,59,1,0,0,1,0
"TGAGAGGGTGCATCTA-1-0",14,370,1,7,10,1,1,0,0,0,0
"TGAGAGGTCCAGGGCT-1-0",8,235,2,10,16,1,0,0,2,1,0
"TGAGAGGTCGCAAGCC-1-0",30,8,3,8,22,40,0,0,0,2,0
"TGAGCATCACGGACAA-1-0",8,10,3,16,371,0,1,0,0,2,0
"TGAGCATCATGGGACA-1-0",9,449,2,5,14,3,0,0,0,0,0
"TGAGCATTCGCAGGCT-1-0",9,5,1,141,17,1,0,0,0,1,0
"TGAGCCGAGCCCGAAA-1-0",13,5,3,161,12,0,0,1,0,1,1
"TGAGCCGAGCTACCGC-1-0",16,20,2,190,10,1,0,0,0,1,0
"TGAGCCGCATTGAGCT-1-0",8,6,2,358,54,1,1,0,0,2,0
"TGAGCCGGTCCCTACT-1-0",8,7,2,98,9,1,1,0,1,1,0
"TGAGCCGGTTGAACTC-1-0",1008,4,1,8,17,8,1,0,0,1,0
"TGAGCCGGTTGGACCC-1-0",12,12,1,7,12,0,0,0,0,1,0
"TGAGCCGTCAGCATGT-1-0",24,7,2,273,12,1,1,0,0,2,0
"TGAGGGAAGGCATTGG-1-0",19,64,2,11,14,3,1,0,0,0,0
"TGAGGGACAAGAAAGG-1-0",16,4,1,9,574,1,0,0,2,0,0
"TGAGGGATCCCATTTA-1-0",11,43,2,9,11,1,0,0,0,2,0
"TGATTTCCAAGCCGCT-1-0",12,100,2,12,23,1,0,0,1,0,0
"TGCACCTCAGTATAAG-1-0",12,9,3,89,6,0,2,0,0,0,0
"TGCACCTGTGTGAATA-1-0",12,7,3,65,13,4,0,0,0,1,0
"TGCACCTTCAACCAAC-1-0",24,11,2,128,19,2,2,0,1,0,0
"TGCACCTTCAGGATCT-1-0",10,38,1,4,11,1,1,0,0,2,0
"TGCCAAACATGCCTAA-1-0",14,11,2,125,15,0,0,0,1,2,0
"TGCCAAAGTAAGCACG-1-0",14,169,0,4,10,1,1,1,0,1,0
"TGCCAAATCCGTAGGC-1-0",17,4,3,101,13,1,0,0,0,0,0
"TGCCAAATCGTTACAG-1-0",13,4,1,9,11,2,11,1,0,1,0
"TGCCCATCAGTATAAG-1-0",14,3,3,365,8,0,0,0,0,1,0
"TGCCCATGTTCCTCCA-1-0",12,3,3,41,49,1,2,0,0,1,0
"TGCCCATTCGTGGGAA-1-0",15,76,2,4,13,1,1,1,0,1,0
"TGCCCTAAGACTAGGC-1-0",11,151,1,5,16,1,0,0,0,1,0
"TGCCCTAAGAGTGACC-1-0",11,87,1,10,14,1,0,0,0,2,0
"TGCCCTACACCATGTA-1-0",13,6,3,87,10,2,1,0,0,0,0
"TGCCCTAGTAGTAGTA-1-0",12,4,5,139,22,0,0,0,0,0,0
"TGCCCTAGTCAACTGT-1-0",8,7,2,174,13,1,0,1,0,0,0
"TGCGCAGAGGTGCTTT-1-0",14,7,3,415,20,1,0,0,0,1,0
"TGCGCAGCATATGCTG-1-0",10,6,1,240,5,1,0,0,0,0,0
"TGCGCAGGTACGACCC-1-0",13,5,1,529,32,1,1,0,0,1,0
"TGCGCAGGTAGCTAAA-1-0",11,6,1,49,35,2,1,0,0,0,0
"TGCGCAGTCGTACCGG-1-0",31,106,5,15,23,2,0,0,0,3,0
"TGCGGGTAGGATCGCA-1-0",12,5,1,291,9,0,1,0,0,0,0
"TGCGTGGAGTCGTTTG-1-0",16,7,0,106,11,2,0,0,0,0,0
"TGCTACCGTACCCAAT-1-0",13,5,1,161,5,2,1,0,0,0,0
"TGCTACCGTCTCTCGT-1-0",15,5,0,95,12,2,0,0,0,0,0
"TGCTACCTCGTTACGA-1-0",9,84,3,87,16,0,0,1,1,0,0
"TGCTGCTAGATAGTCA-1-0",12,103,1,9,6,1,0,0,1,2,0
"TGCTGCTCAATCCGAT-1-0",37,5,1,8,12,1,1,0,0,0,0
"TGCTGCTGTCTGCAAT-1-0",10,60,1,6,11,0,1,0,0,1,0
"TGCTGCTTCTGCGTAA-1-0",37,5,3,106,100,2,0,1,0,0,0
"TGGACGCCATGTCGAT-1-0",15,5,0,1114,18,1,0,2,0,3,0
"TGGACGCTCCAAACTG-1-0",19,7,3,48,35,6,0,1,1,1,1
"TGGCCAGGTCTCGTTC-1-0",10,24,3,10,30,1,0,0,0,1,0
"TGGCGCACACCAACCG-1-0",7,21,1,300,8,0,0,0,1,1,0
"TGGCGCAGTTATCCGA-1-0",7,8,1,341,17,1,0,0,1,0,0
"TGGCGCATCCTTGGTC-1-0",13,9,3,842,9,0,0,0,1,0,2
"TGGCTGGAGACAAGCC-1-0",14,67,4,7,16,0,0,0,0,0,0
"TGGCTGGAGATGTTAG-1-0",13,118,3,10,15,0,2,0,0,0,0
"TGGCTGGGTAAAGGAG-1-0",14,14,15,12,29,4,1,3,0,1,0
"TGGCTGGTCAGTACGT-1-0",10,3,1,506,10,1,0,1,0,2,0
"TGGCTGGTCATGTCCC-1-0",7,139,1,7,13,2,0,1,0,0,0
"TGGCTGGTCCAAGCCG-1-0",13,4,1,140,7,1,1,0,0,2,0
"TGGCTGGTCTAACTGG-1-0",12,6,0,198,14,1,0,0,0,1,0
"TGGGAAGAGATCGATA-1-0",13,17,0,20,12,2,1,0,0,1,0
"TGGGAAGAGTGACTCT-1-0",13,7,4,555,8,6,1,0,0,1,0
"TGGGAAGGTTCTGTTT-1-0",8,6,4,48,13,0,0,0,0,2,0
"TGGGAAGTCGGAGCAA-1-0",7,6,1,5,14,0,0,0,0,0,1
"TGGGCGTAGGACAGAA-1-0",31,78,2,15,18,2,1,2,1,0,1
"TGGGCGTGTCGACTGC-1-0",12,3,1,337,12,1,0,1,0,2,0
"TGGGCGTGTTGCGTTA-1-0",10,146,3,5,16,1,1,0,0,1,0
"TGGTTAGCAGCGAACA-1-0",17,5,1,1419,8,2,0,0,0,3,0
"TGGTTCCAGGGAACGG-1-0",8,6,4,71,9,6,0,0,0,1,0
"TGGTTCCCAACACGCC-1-0",12,42,2,3,8,1,0,1,0,0,0
"TGGTTCCCATCTCCCA-1-0",13,13,2,8,13,1,0,1,1,0,0
"TGTATTCAGTATCGAA-1-0",13,9,1,123,14,0,0,0,0,1,0
"TGTATTCGTCGACTAT-1-0",17,107,1,7,13,2,0,1,4,1,0
"TGTATTCTCATTTGGG-1-0",15,7,1,234,36,1,1,0,0,1,0
"TGTATTCTCGCACTCT-1-0",15,19,2,15,15,1,1,1,0,1,0
"TGTCCCAAGATGCCTT-1-0",13,121,2,12,14,1,0,0,0,0,0
"TGTCCCAAGGGTCTCC-1-0",20,3,4,133,14,1,0,0,0,1,0
"TGTCCCATCGTTGACA-1-0",42,8,2,107,21,5,1,0,0,1,0
"TGTCCCATCTAACCGA-1-0",13,134,2,6,17,2,0,0,0,1,0
"TGTGGTAAGACGCAAC-1-0",8,4,3,16,468,1,1,0,0,0,0
"TGTGGTAAGGACACCA-1-0",14,54,2,7,6,1,0,0,0,1,0
"TGTGGTAAGTGCGATG-1-0",13,2,1,218,12,1,0,1,0,1,0
"TGTGGTAGTACTTCTT-1-0",9,63,0,12,9,0,0,0,0,1,0
"TGTGGTAGTCCGTCAG-1-0",15,5,2,227,14,0,0,0,0,1,0
"TGTGGTAGTTTGGGCC-1-0",17,4,1,179,9,2,1,0,1,0,0
"TGTGGTATCATTATCC-1-0",6,96,2,3,4,0,0,0,0,0,0
"TGTGTTTAGTCCGGTC-1-0",7,20,1,12,10,1,0,0,0,1,1
"TGTGTTTCACTCTGTC-1-0",13,9,0,145,9,1,0,1,1,0,0
"TGTGTTTCATGATCCA-1-0",10,7,2,18,15,0,1,0,0,0,0
"TGTGTTTTCCGCATCT-1-0",14,190,1,5,14,0,1,1,1,1,0
"TGTTCCGGTTAGATGA-1-0",15,53,2,4,24,1,0,0,0,1,0
"TGTTCCGTCCCTTGTG-1-0",7,5,0,6,18,162,1,0,1,0,0
"TGTTCCGTCTAACTGG-1-0",10,64,5,16,7,1,1,0,1,0,0
"TTAACTCAGACAAAGG-1-0",16,4,0,33,11,1,0,0,0,1,0
"TTAACTCAGAGCAATT-1-0",9,15,1,9,7,0,0,0,0,0,0
"TTAACTCAGCCCAGCT-1-0",14,29,2,2,13,1,0,0,0,0,0
"TTAGGACGTTGCGCAC-1-0",16,140,1,12,39,1,0,1,0,0,0
"TTAGGACTCAGAAATG-1-0",19,8,1,383,12,1,1,1,0,2,0
"TTAGGACTCCAGATCA-1-0",20,21,3,11,30,2,0,0,0,1,0
"TTAGGACTCTTGCATT-1-0",7,5,3,13,12,1,3,2,0,1,0
"TTAGGCAAGGACGAAA-1-0",16,6,0,106,8,2,0,0,0,0,0
"TTAGGCACAAAGTGCG-1-0",11,8,3,16,7,1,1,0,0,1,0
"TTAGGCACAATTGCTG-1-0",10,7,1,65,8,1,0,1,0,2,0
"TTAGGCACAGCTGGCT-1-0",15,8,1,372,34,2,1,1,0,0,0
"TTAGGCACATCACGAT-1-0",14,499,4,9,542,1,1,1,0,1,0
"TTAGGCAGTACCATCA-1-0",17,4,5,474,9,0,1,1,5,0,0
"TTAGGCAGTCACTTCC-1-0",15,118,2,36,14,0,0,0,1,1,0
"TTAGGCAGTGTGAAAT-1-0",11,4,1,187,22,1,0,0,0,1,0
"TTAGGCATCACGACTA-1-0",18,4,2,285,11,0,1,1,0,1,0
"TTAGTTCAGCTAGTCT-1-0",18,9,2,337,12,0,1,0,1,2,0
"TTAGTTCGTTAGTGGG-1-0",5,14,2,10,5,0,2,0,0,1,0
"TTAGTTCTCAAAGTAG-1-0",8,26,2,11,10,1,1,0,0,1,0
"TTAGTTCTCAACGGGA-1-0",16,4,1,329,28,1,1,0,1,0,0
"TTATGCTAGCCAGTTT-1-0",29,252,2,9,28,1,1,0,2,1,0
"TTATGCTAGCTCTCGG-1-0",17,6,1,6,750,1,10,0,1,1,0
"TTATGCTCATCCCACT-1-0",16,6,1,96,10,1,0,0,1,1,0
"TTATGCTGTTCATGGT-1-0",19,5,2,150,9,0,0,1,0,1,0
"TTCCCAGAGTAGATGT-1-0",15,3,2,51,806,1,1,0,0,0,1
"TTCCCAGCACCGATAT-1-0",15,9,1,260,9,1,0,0,0,1,0
"TTCCCAGCAGATGGGT-1-0",13,15,3,6,16,1,1,1,0,0,0
"TTCCCAGCATCCCACT-1-0",17,7,3,49,14,1,1,0,0,0,0
"TTCCCAGTCAGTCCCT-1-0",6,11,2,489,12,4,0,0,0,0,0
"TTCGGTCAGAATGTTG-1-0",13,4,2,6,1145,2,1,0,1,1,1
"TTCGGTCCAAGACGTG-1-0",8,5,3,267,18,0,0,0,0,0,0
"TTCTACAGTGCAGTAG-1-0",17,200,1,2,8,8,0,1,0,0,0
"TTCTACATCATGCTCC-1-0",13,6,3,422,8,2,0,0,0,1,0
"TTCTCAAAGGATCGCA-1-0",337,54,2,18,23,2,0,0,0,2,0
"TTCTCAAAGTAGTGCG-1-0",7,173,2,9,18,0,0,0,1,1,1
"TTCTCAACATGCATGT-1-0",15,6,0,152,10,0,1,0,0,0,0
"TTCTCAACATGGTCAT-1-0",9,3,0,397,11,1,1,0,0,0,0
"TTCTCAAGTTTCGCTC-1-0",7,5,1,8,651,1,0,1,1,1,1
"TTCTCAATCTCTGTCG-1-0",8,3,2,32,13,0,0,0,0,2,0
"TTCTCCTAGCTGCCCA-1-0",14,7,2,387,11,0,0,2,0,2,1
"TTCTCCTAGGCATTGG-1-0",9,97,2,11,14,0,0,0,2,1,0
"TTCTCCTCATCCTAGA-1-0",8,5,2,358,24,0,1,1,0,0,0
"TTCTCCTCATGACGGA-1-0",9,6,2,482,7,0,1,0,0,2,1
"TTCTCCTGTTGCGTTA-1-0",17,241,3,5,21,0,0,0,1,2,0
"TTCTCCTTCACAATGC-1-0",12,3,3,248,9,1,0,0,0,1,0
"TTCTCCTTCTTGCCGT-1-0",19,70,1,13,41,1,1,0,0,1,1
"TTCTTAGGTCGCGGTT-1-0",13,9,1,711,9,1,0,0,0,2,0
"TTCTTAGGTGATGCCC-1-0",13,542,1,6,17,0,0,0,0,0,0
"TTCTTAGTCGCCTGTT-1-0",9,78,0,6,7,2,1,0,0,0,0
"TTCTTAGTCTGTCCGT-1-0",18,5,1,9,650,2,1,0,0,1,0
"TTGAACGAGATTACCC-1-0",18,14,2,990,13,0,1,0,0,2,0
"TTGAACGAGGAGTACC-1-0",8,3,2,128,12,1,0,1,0,0,0
"TTGAACGAGGGCTCTC-1-0",14,6,1,116,18,1,0,0,0,1,0
"TTGAACGCACATCCGG-1-0",14,119,3,10,8,1,1,0,0,1,0
"TTGAACGCACGCGAAA-1-0",12,22,1,146,11,2,0,1,1,1,0
"TTGAACGGTACCGTTA-1-0",14,2,1,11,196,0,0,0,0,0,0
"TTGAACGGTCTACCTC-1-0",9,136,2,8,16,1,1,1,0,0,0
"TTGACTTCAGCATACT-1-0",42,83,10,28,82,2,0,1,3,1,1
"TTGACTTGTACCGAGA-1-0",10,206,2,9,9,0,0,1,1,0,0
"TTGACTTGTACCGTTA-1-0",14,25,1,9,8,2,0,0,0,1,0
"TTGACTTTCAGTTGAC-1-0",16,7,2,375,9,1,1,0,0,1,0
"TTGACTTTCTACTCAT-1-0",18,7,3,11,11,1,0,1,0,0,0
"TTGCCGTAGAGTGACC-1-0",18,6,3,158,34,9,0,0,0,1,0
"TTGCCGTAGCCCAGCT-1-0",32,9,6,567,19,2,2,2,1,1,0
"TTGCCGTGTTCCATGA-1-0",15,36,1,10,8,2,0,0,1,0,0
"TTGCCGTTCCGTTGCT-1-0",17,26,3,12,27,1,0,0,2,1,0
"TTGCCGTTCGCACTCT-1-0",12,11,0,560,9,1,1,0,0,0,0
"TTGCCGTTCGCTAGCG-1-0",17,3,3,271,16,3,0,0,0,2,0
"TTGCCGTTCTCTAGGA-1-0",21,8,5,106,32,3,1,1,1,4,0
"TTGCCGTTCTTTAGGG-1-0",12,3,4,48,15,0,0,0,1,0,0
"TTGCGTCAGCTAGTTC-1-0",16,178,2,6,10,2,1,1,0,0,0
"TTGCGTCCACAGATTC-1-0",14,2,3,92,8,2,0,0,0,104,1
"TTGCGTCGTAGCGTAG-1-0",9,3,0,54,12,0,0,0,0,0,0
"TTGCGTCGTATCAGTC-1-0",6,190,0,10,98,1,0,0,0,1,0
"TTGCGTCTCCGCAAGC-1-0",11,8,2,233,14,2,0,1,0,1,0
"TTGCGTCTCCGCGCAA-1-0",12,9,2,184,10,1,1,0,0,1,0
"TTGGAACAGGTAAACT-1-0",13,7,1,5,15,97,0,1,0,0,0
"TTGGAACAGTCGAGTG-1-0",9,2,1,28,16,2,1,1,0,3,0
"TTGGAACCATCGTCGG-1-0",12,4,2,8,9,0,0,1,0,1,0
"TTGGAACTCAGTTAGC-1-0",18,419,2,18,12,0,0,1,0,1,0
"TTGGCAAAGCGACGTA-1-0",12,69,0,18,16,1,0,1,0,0,0
"TTGGCAAAGGACACCA-1-0",15,8,2,230,14,1,0,0,0,0,0
"TTGGCAACAGATCTGT-1-0",11,373,2,5,7,0,0,0,1,1,0
"TTGGCAAGTCGGCTCA-1-0",14,6,1,4,19,73,1,0,1,1,0
"TTGTAGGAGGTGCAAC-1-0",9,6,2,269,9,0,0,1,0,1,0
"TTGTAGGGTAAACGCG-1-0",14,4,1,816,9,0,1,1,2,1,1
"TTGTAGGGTCGTCTTC-1-0",12,6,8,307,31,1,0,0,0,1,1
"TTGTAGGTCCTAAGTG-1-0",16,57,2,9,7,0,1,0,0,1,0
"TTGTAGGTCGTACCGG-1-0",7,120,3,7,5,1,1,0,0,0,0
"TTTACTGAGAGGTTAT-1-0",9,6,2,71,19,0,0,0,2,1,0
"TTTACTGAGTGGGTTG-1-0",18,41,1,7,14,1,0,0,0,0,0
"TTTACTGCAGCTGTTA-1-0",9,16,1,6,9,1,1,0,0,1,0
"TTTACTGGTAAGGGAA-1-0",10,3,2,127,17,3,1,0,0,0,0
"TTTACTGGTCGCGAAA-1-0",12,9,0,11,12,2,0,1,0,0,0
"TTTATGCTCTATCCTA-1-0",8,23,2,11,12,1,1,0,1,1,0
"TTTCCTCAGCTAGTCT-1-0",13,8,5,174,12,0,0,0,0,1,0
"TTTCCTCAGGATGCGT-1-0",11,5,1,308,6,1,0,1,0,2,0
"TTTCCTCAGGTGCACA-1-0",10,40,1,5,9,2,0,0,0,1,0
"TTTCCTCTCCGCGGTA-1-0",11,4,2,9,841,1,0,0,0,0,0
"TTTCCTCTCTCTGTCG-1-0",14,176,2,7,7,0,0,0,1,1,0
"TTTGCGCAGACTGTAA-1-0",14,5,2,10,6,1,0,0,0,1,0
"TTTGCGCAGTAACCCT-1-0",11,3,1,168,13,1,0,0,0,0,0
"TTTGCGCAGTTCGATC-1-0",11,21,2,35,16,1,1,1,1,1,0
"TTTGCGCGTGTAACGG-1-0",15,7,1,114,11,1,1,0,1,1,0
"TTTGCGCGTTGGTGGA-1-0",10,46,3,5,10,1,0,0,0,0,0
"TTTGCGCTCTGCTTGC-1-0",13,258,3,5,9,1,1,0,0,1,0
"TTTGGTTGTCAAGCGA-1-0",13,3,1,165,16,2,2,1,0,0,0
"TTTGTCAGTCTGGAGA-1-0",10,5,2,1024,20,1,1,0,0,1,0
